Episode,Steps,Reward,MaxReward,Epsilon,AvgLoss,AvgQValue
0,46,-5000,-5000,0.9995,0.0000,0.0000
1,194,-3416,-3416,0.9976,146.4539,-0.3164
2,79,-4963,-3416,0.9968,162.4119,-0.3164
3,139,-4807,-3416,0.9954,179.7600,0.8823
4,170,-4544,-3416,0.9937,183.5444,-0.0717
5,35,-4986,-3416,0.9934,191.6612,-0.0717
6,39,-4965,-3416,0.9930,213.8138,-0.0717
7,71,-4853,-3416,0.9923,206.2435,-0.3800
8,72,-4880,-3416,0.9915,218.9954,-0.4110
9,99,-4755,-3416,0.9906,221.6973,-0.4110
10,34,-4928,-3416,0.9902,229.2373,-0.4110
11,29,-4984,-3416,0.9899,235.1171,-0.4110
12,58,-4968,-3416,0.9893,233.8393,-0.4110
13,30,-4988,-3416,0.9890,238.0610,-0.4110
14,169,-4925,-3416,0.9873,249.2698,-1.1415
15,103,-4971,-3416,0.9863,232.1199,-1.0511
16,108,-3419,-3416,0.9852,232.2485,-0.8794
17,115,-4629,-3416,0.9841,227.2617,-0.7650
18,69,-4850,-3416,0.9834,236.8410,-0.7767
19,71,-4786,-3416,0.9827,222.3765,-0.7767
20,26,-4903,-3416,0.9824,221.1543,-0.7767
21,51,-4963,-3416,0.9819,233.7196,-0.7767
22,52,-4816,-3416,0.9814,239.6814,-1.0410
23,30,-4866,-3416,0.9811,252.6483,-1.0410
24,82,-4715,-3416,0.9802,235.3061,-1.0410
25,21,-4933,-3416,0.9800,240.5344,-0.5020
26,33,-5008,-3416,0.9797,256.1254,-0.5020
27,32,-4862,-3416,0.9794,239.8242,-0.5020
28,76,-4827,-3416,0.9786,236.6132,-0.5020
29,27,-4941,-3416,0.9783,253.8851,-0.5020
30,36,-4992,-3416,0.9780,241.8593,-0.9065
31,129,-4735,-3416,0.9767,244.5341,-0.9065
32,31,-4939,-3416,0.9763,257.0626,-0.8326
33,119,-4731,-3416,0.9752,241.2449,-0.4241
34,71,-4835,-3416,0.9744,252.2882,0.2303
35,57,-4736,-3416,0.9739,239.5884,0.7670
36,60,-4598,-3416,0.9733,236.6768,1.2276
37,76,-4851,-3416,0.9725,242.7647,1.5134
38,77,-4843,-3416,0.9717,236.4921,1.6245
39,59,-4874,-3416,0.9711,261.3715,1.6467
40,52,-4977,-3416,0.9706,243.7925,1.4963
41,113,-4929,-3416,0.9695,231.3067,1.7147
42,25,-4892,-3416,0.9692,242.4438,1.8719
43,39,-4968,-3416,0.9688,233.9180,1.8719
44,44,-4805,-3416,0.9684,232.8507,1.9022
45,57,-4843,-3416,0.9678,234.2431,2.0574
46,85,-4895,-3416,0.9670,224.8118,1.4798
47,23,-4891,-3416,0.9667,222.6707,1.5098
48,69,-4856,-3416,0.9660,236.6748,2.0007
49,85,-4822,-3416,0.9652,229.5087,2.2442
50,50,-4803,-3416,0.9647,226.1604,2.3969
51,35,-4896,-3416,0.9643,245.7851,2.3969
52,41,-4882,-3416,0.9639,243.3931,2.5448
53,21,-4905,-3416,0.9637,242.6955,2.6942
54,34,-4876,-3416,0.9633,229.9159,2.7409
55,61,-4898,-3416,0.9627,237.7418,2.8488
56,99,-4789,-3416,0.9617,240.6148,2.9234
57,38,-4907,-3416,0.9614,239.3991,3.0227
58,39,-4949,-3416,0.9610,246.6367,2.9994
59,111,-4827,-3416,0.9598,240.8312,2.8103
60,141,-4953,-3416,0.9584,232.6680,3.0477
61,53,-4824,-3416,0.9579,222.0203,3.0930
62,88,-4802,-3416,0.9570,222.7980,3.1150
63,91,-4986,-3416,0.9561,231.4871,2.9964
64,27,-4985,-3416,0.9558,252.1763,2.9964
65,56,-4929,-3416,0.9553,204.1840,2.9964
66,37,-4911,-3416,0.9549,244.5543,3.1807
67,12,-4962,-3416,0.9548,211.5620,3.3064
68,74,-4690,-3416,0.9540,225.1123,3.5725
69,21,-4902,-3416,0.9538,265.9626,3.6724
70,47,-4892,-3416,0.9533,241.8665,3.6724
71,47,-4929,-3416,0.9529,231.9349,3.4764
72,96,-4860,-3416,0.9519,227.4685,3.7050
73,88,-4914,-3416,0.9510,247.7307,3.7050
74,38,-4846,-3416,0.9506,210.4768,4.1503
75,43,-4906,-3416,0.9502,218.4097,4.2844
76,100,-4795,-3416,0.9492,230.8008,5.1376
77,28,-4806,-3416,0.9489,231.5488,5.4196
78,81,-4582,-3416,0.9481,234.8951,5.9761
79,44,-4837,-3416,0.9476,227.7823,6.0500
80,133,-4555,-3416,0.9463,216.5969,6.5813
81,18,-4926,-3416,0.9461,244.2690,7.1167
82,30,-4931,-3416,0.9458,213.2882,7.3404
83,12,-4965,-3416,0.9457,229.4995,7.7441
84,94,-4754,-3416,0.9448,229.7160,8.0298
85,13,-4935,-3416,0.9446,208.7158,8.1168
86,33,-4963,-3416,0.9443,230.8416,8.3535
87,59,-4692,-3416,0.9437,244.0213,8.7865
88,85,-4671,-3416,0.9428,244.2676,8.9851
89,63,-4785,-3416,0.9422,236.7491,9.3276
90,58,-5005,-3416,0.9416,245.2019,9.3390
91,60,-4906,-3416,0.9410,239.8443,9.4338
92,71,-4980,-3416,0.9403,225.0535,9.2733
93,116,-4927,-3416,0.9391,226.9294,10.2285
94,44,-4721,-3416,0.9387,232.1395,10.4951
95,69,-4615,-3416,0.9380,235.9931,10.6493
96,45,-4887,-3416,0.9376,211.8388,10.9924
97,71,-4961,-3416,0.9368,226.9573,11.0787
98,75,-4688,-3416,0.9361,219.6164,11.6255
99,89,-4854,-3416,0.9352,228.5102,12.1034
100,65,-4782,-3416,0.9345,234.4090,12.7188
101,63,-4752,-3416,0.9339,210.7585,13.0388
102,65,-4990,-3416,0.9333,228.1118,12.9768
103,55,-4825,-3416,0.9327,244.3320,13.1143
104,52,-4790,-3416,0.9322,229.9627,13.2560
105,59,-4745,-3416,0.9316,228.5581,13.3531
106,78,-4718,-3416,0.9308,224.8962,13.4991
107,30,-5003,-3416,0.9305,223.8098,13.4026
108,58,-4966,-3416,0.9299,239.8829,13.4859
109,194,-4628,-3416,0.9280,225.6973,14.2308
110,189,-4629,-3416,0.9261,226.8558,15.0294
111,150,-3463,-3416,0.9246,224.8358,15.3893
112,15,-4932,-3416,0.9244,242.5175,15.4194
113,31,-4869,-3416,0.9241,242.7151,15.4280
114,41,-4764,-3416,0.9237,221.0955,15.5354
115,53,-4969,-3416,0.9232,222.7681,15.5364
116,48,-4882,-3416,0.9227,206.9527,15.5571
117,118,-4710,-3416,0.9215,212.3856,16.0014
118,151,-3333,-3333,0.9200,214.0510,16.0315
119,128,-4712,-3333,0.9187,230.1432,15.5792
120,69,-4717,-3333,0.9180,230.1067,15.5577
121,52,-4868,-3333,0.9175,227.9745,15.7362
122,44,-4837,-3333,0.9171,211.8176,15.9094
123,58,-4635,-3333,0.9165,220.6400,15.6524
124,47,-4855,-3333,0.9160,209.0504,15.3885
125,36,-4847,-3333,0.9156,217.1960,15.4668
126,13,-4916,-3333,0.9155,242.9918,15.5473
127,20,-4859,-3333,0.9153,213.4781,15.5914
128,35,-4891,-3333,0.9149,233.9839,15.6362
129,14,-4929,-3333,0.9148,238.6578,15.6362
130,56,-4613,-3333,0.9142,239.9307,14.7892
131,22,-4986,-3333,0.9140,218.2568,14.7892
132,139,-4686,-3333,0.9126,230.5986,15.4784
133,17,-4957,-3333,0.9124,240.0010,15.4784
134,28,-4964,-3333,0.9121,242.8449,15.4647
135,37,-4974,-3333,0.9118,229.8433,15.4072
136,70,-4917,-3333,0.9111,227.4094,15.4607
137,38,-4828,-3333,0.9107,221.6531,15.4328
138,35,-4857,-3333,0.9103,212.6691,15.4432
139,23,-4938,-3333,0.9101,265.7821,15.4564
140,243,-4682,-3333,0.9077,220.8989,15.6396
141,28,-4967,-3333,0.9074,219.4571,15.6506
142,21,-4953,-3333,0.9072,235.1192,15.6618
143,118,-4760,-3333,0.9060,230.3442,15.7309
144,75,-4836,-3333,0.9052,218.7043,15.7637
145,47,-4995,-3333,0.9048,222.5770,15.7193
146,52,-4901,-3333,0.9042,222.0432,15.7040
147,49,-4961,-3333,0.9037,227.2269,15.6696
148,48,-4866,-3333,0.9033,214.4202,15.6661
149,19,-4904,-3333,0.9031,213.2380,16.0349
150,79,-4888,-3333,0.9023,225.7630,16.6192
151,31,-5007,-3333,0.9020,227.4557,16.3937
152,25,-4978,-3333,0.9017,232.6605,15.4667
153,83,-4562,-3333,0.9009,222.5146,15.5884
154,32,-4863,-3333,0.9005,212.9681,15.6007
155,52,-4691,-3333,0.9000,225.5588,14.6536
156,24,-5009,-3333,0.8998,203.5039,14.6329
157,52,-4850,-3333,0.8992,218.5618,14.6327
158,45,-4934,-3333,0.8988,235.2798,14.6303
159,112,-4769,-3333,0.8977,228.5604,14.5729
160,28,-5002,-3333,0.8974,229.4850,14.5831
161,136,-3399,-3333,0.8960,212.3798,15.4076
162,28,-4969,-3333,0.8957,211.7533,15.3630
163,50,-4881,-3333,0.8952,220.7766,15.4494
164,38,-4880,-3333,0.8948,213.4064,15.6926
165,102,-4556,-3333,0.8938,220.1005,15.6951
166,29,-4834,-3333,0.8935,180.8423,16.0055
167,113,-4763,-3333,0.8924,208.3347,15.6926
168,66,-4990,-3333,0.8917,217.9210,15.7218
169,82,-4822,-3333,0.8909,218.1118,16.6629
170,36,-4984,-3333,0.8905,212.0093,16.5970
171,43,-4923,-3333,0.8901,196.4295,16.5908
172,68,-4631,-3333,0.8894,214.5094,16.3835
173,125,-3477,-3333,0.8882,218.6339,17.4417
174,13,-4965,-3333,0.8880,200.2231,17.4312
175,18,-4979,-3333,0.8879,222.7110,17.4255
176,54,-4777,-3333,0.8873,215.8421,17.4970
177,135,-4766,-3333,0.8860,225.9246,17.4320
178,40,-5020,-3333,0.8856,215.2703,17.4320
179,29,-4950,-3333,0.8853,216.8259,17.4397
180,49,-4779,-3333,0.8848,210.0370,17.4533
181,49,-4823,-3333,0.8843,210.5933,17.4492
182,57,-4920,-3333,0.8837,199.0709,17.4011
183,55,-4922,-3333,0.8831,230.8107,17.4054
184,94,-4688,-3333,0.8822,210.1771,16.9475
185,19,-4957,-3333,0.8820,214.5518,16.8076
186,90,-4858,-3333,0.8811,211.4341,16.7200
187,16,-4937,-3333,0.8809,220.4437,16.7209
188,95,-4677,-3333,0.8800,215.4596,16.6678
189,30,-4958,-3333,0.8797,208.2001,15.8965
190,38,-4937,-3333,0.8793,213.2728,15.9077
191,34,-4961,-3333,0.8789,177.6011,15.5541
192,82,-4747,-3333,0.8781,206.7696,15.4606
193,30,-4856,-3333,0.8778,209.4424,15.0600
194,78,-4679,-3333,0.8770,212.1667,14.5528
195,101,-4515,-3333,0.8760,203.7636,14.1592
196,27,-4956,-3333,0.8757,209.3583,14.1510
197,188,-3428,-3333,0.8739,205.6229,14.7245
198,100,-3440,-3333,0.8729,216.3772,14.7116
199,63,-4841,-3333,0.8722,204.8548,15.5844
200,53,-4992,-3333,0.8717,215.3362,15.2475
201,24,-4839,-3333,0.8715,210.5176,15.6136
202,139,-4784,-3333,0.8701,203.2863,16.2090
203,48,-4741,-3333,0.8696,201.4974,16.2668
204,81,-4822,-3333,0.8688,205.4888,16.5656
205,72,-4547,-3333,0.8681,202.3660,17.0415
206,16,-4908,-3333,0.8679,216.9585,17.0870
207,29,-4964,-3333,0.8676,209.8659,17.1351
208,47,-4915,-3333,0.8671,215.5413,16.6904
209,208,-3347,-3333,0.8650,207.7435,15.7724
210,169,-4566,-3333,0.8634,199.2267,16.1208
211,27,-4918,-3333,0.8631,191.9649,16.1222
212,21,-4925,-3333,0.8629,199.4452,16.1191
213,37,-4787,-3333,0.8625,204.6492,16.1259
214,52,-4858,-3333,0.8620,193.3269,16.2117
215,89,-4629,-3333,0.8611,192.5021,15.7874
216,78,-4674,-3333,0.8603,193.0749,15.4543
217,123,-3271,-3271,0.8591,207.0889,17.1683
218,134,-4673,-3271,0.8577,197.7603,17.0066
219,39,-4780,-3271,0.8573,185.8699,17.0583
220,40,-4950,-3271,0.8569,195.7171,16.3044
221,203,-3384,-3271,0.8549,198.9839,16.1345
222,42,-4977,-3271,0.8545,182.3242,15.3161
223,282,-3493,-3271,0.8517,196.5275,13.2892
224,15,-4908,-3271,0.8515,194.3452,13.2947
225,16,-4986,-3271,0.8514,219.6263,13.2787
226,72,-4890,-3271,0.8506,191.6939,12.9596
227,53,-4977,-3271,0.8501,208.8328,12.9955
228,105,-3437,-3271,0.8490,182.6236,12.6843
229,45,-4940,-3271,0.8486,195.0611,12.6814
230,55,-4704,-3271,0.8480,183.5149,13.0423
231,24,-4992,-3271,0.8478,165.6604,13.1005
232,55,-4848,-3271,0.8472,178.8189,12.1018
233,33,-4927,-3271,0.8469,178.4435,12.3501
234,16,-4918,-3271,0.8467,169.0998,12.3498
235,63,-4691,-3271,0.8461,185.7426,12.5765
236,34,-4910,-3271,0.8457,191.1910,12.9190
237,91,-4606,-3271,0.8448,201.3718,14.4868
238,33,-4869,-3271,0.8445,197.2863,14.6871
239,57,-4998,-3271,0.8439,181.9372,15.1406
240,31,-4855,-3271,0.8436,176.7092,15.1791
241,90,-4508,-3271,0.8427,194.8239,15.0782
242,35,-4953,-3271,0.8424,180.5992,15.0164
243,130,-3316,-3271,0.8411,183.0163,14.1316
244,65,-4946,-3271,0.8404,172.4899,14.8305
245,43,-4733,-3271,0.8400,188.5868,14.9786
246,32,-4907,-3271,0.8396,178.1455,14.5662
247,23,-4834,-3271,0.8394,195.6224,13.7727
248,43,-4973,-3271,0.8390,184.5297,13.3852
249,48,-4813,-3271,0.8385,176.4363,13.6746
250,187,-4554,-3271,0.8366,188.3442,13.8904
251,78,-4620,-3271,0.8358,181.3532,14.7464
252,9,-4976,-3271,0.8357,193.2739,14.7771
253,22,-4853,-3271,0.8355,215.0784,14.8055
254,20,-4989,-3271,0.8353,196.1456,15.1439
255,58,-4943,-3271,0.8347,186.0908,16.2819
256,29,-4885,-3271,0.8344,193.4652,16.3501
257,22,-4873,-3271,0.8342,170.7710,16.0398
258,37,-4738,-3271,0.8338,186.1114,15.6629
259,21,-4972,-3271,0.8336,163.6268,15.2602
260,161,-3374,-3271,0.8320,190.2259,16.2520
261,78,-4823,-3271,0.8312,176.4619,16.2173
262,80,-3372,-3271,0.8304,171.7871,16.6501
263,97,-4520,-3271,0.8294,183.0929,16.6504
264,38,-4884,-3271,0.8291,191.1907,15.9479
265,22,-4921,-3271,0.8288,179.4675,15.9601
266,54,-4810,-3271,0.8283,172.4407,16.0582
267,38,-4830,-3271,0.8279,176.6411,16.0568
268,29,-4873,-3271,0.8276,182.4859,15.9853
269,19,-4970,-3271,0.8274,184.1362,15.9886
270,67,-4771,-3271,0.8267,181.8280,16.3207
271,77,-3334,-3271,0.8260,177.9260,16.3393
272,74,-4824,-3271,0.8252,179.9727,15.9179
273,112,-3388,-3271,0.8241,170.5161,15.7990
274,38,-4694,-3271,0.8237,184.0981,15.8805
275,15,-4946,-3271,0.8236,185.5590,15.8922
276,46,-4736,-3271,0.8231,179.8071,15.8983
277,20,-4840,-3271,0.8229,176.1606,15.5264
278,14,-4941,-3271,0.8227,186.8964,15.9477
279,34,-4982,-3271,0.8224,189.7508,16.1442
280,39,-4723,-3271,0.8220,177.5800,16.1542
281,82,-4652,-3271,0.8212,174.5173,16.1419
282,121,-4438,-3271,0.8200,181.4179,15.5789
283,62,-4887,-3271,0.8193,179.5028,15.5717
284,41,-4926,-3271,0.8189,170.1546,15.4911
285,48,-4896,-3271,0.8184,176.2413,15.4757
286,51,-4703,-3271,0.8179,177.8291,16.1317
287,23,-4860,-3271,0.8177,169.2608,16.1204
288,133,-3376,-3271,0.8164,173.4681,17.3619
289,46,-4882,-3271,0.8159,165.2646,17.3497
290,104,-4515,-3271,0.8149,172.7163,16.9791
291,69,-4651,-3271,0.8142,164.8943,17.1973
292,25,-4935,-3271,0.8139,164.2812,17.5702
293,81,-4634,-3271,0.8131,174.9996,17.7892
294,60,-4723,-3271,0.8125,182.6924,17.3711
295,118,-3363,-3271,0.8113,165.2831,16.7971
296,158,-3400,-3271,0.8097,176.0992,16.2792
297,35,-4836,-3271,0.8094,174.6518,16.2602
298,302,-1997,-1997,0.8064,164.6897,15.7097
299,113,-3391,-1997,0.8052,163.0865,16.3530
300,52,-4735,-1997,0.8047,162.0813,16.0720
301,81,-3335,-1997,0.8039,163.1922,16.4126
302,113,-3403,-1997,0.8028,162.9690,17.2754
303,25,-4940,-1997,0.8025,151.9121,17.2725
304,39,-4857,-1997,0.8021,168.2702,16.7513
305,116,-3347,-1997,0.8010,165.3417,16.6131
306,22,-4922,-1997,0.8007,164.6943,15.3245
307,23,-4846,-1997,0.8005,170.7037,15.4000
308,34,-4778,-1997,0.8002,159.3634,16.0521
309,97,-4649,-1997,0.7992,167.8074,15.8215
310,111,-4677,-1997,0.7981,159.1718,15.2506
311,65,-4687,-1997,0.7974,167.9218,15.2411
312,68,-4990,-1997,0.7967,162.1944,15.9979
313,31,-4853,-1997,0.7964,159.6777,16.0282
314,91,-3405,-1997,0.7955,164.5543,16.6909
315,26,-4952,-1997,0.7952,157.4661,17.5085
316,79,-4492,-1997,0.7945,169.6762,16.9742
317,73,-4618,-1997,0.7937,161.0518,16.9572
318,58,-4767,-1997,0.7931,162.1937,17.3895
319,20,-4872,-1997,0.7929,154.2059,17.1466
320,63,-4712,-1997,0.7923,163.3573,17.2215
321,112,-3427,-1997,0.7912,158.9978,17.2383
322,24,-4859,-1997,0.7909,173.0460,17.2511
323,35,-4829,-1997,0.7906,154.4137,16.8545
324,114,-4548,-1997,0.7894,159.5608,16.4434
325,27,-4996,-1997,0.7892,150.6608,15.6184
326,26,-4897,-1997,0.7889,184.9235,15.6248
327,97,-3320,-1997,0.7879,160.2875,16.2412
328,14,-4941,-1997,0.7878,165.2504,15.8404
329,116,-3400,-1997,0.7866,161.6883,14.9931
330,20,-4928,-1997,0.7864,168.2313,14.1781
331,21,-4867,-1997,0.7862,150.0819,14.1729
332,18,-4880,-1997,0.7860,150.8186,14.2080
333,39,-4880,-1997,0.7856,162.3757,13.4028
334,91,-4531,-1997,0.7847,154.3112,13.5607
335,57,-4762,-1997,0.7841,162.0897,14.6684
336,21,-4940,-1997,0.7839,146.3076,14.2642
337,63,-4731,-1997,0.7833,145.9736,14.2636
338,21,-4947,-1997,0.7831,160.9390,13.4285
339,27,-4862,-1997,0.7828,149.4235,13.5724
340,34,-4959,-1997,0.7824,165.6965,13.5205
341,32,-4853,-1997,0.7821,153.1558,13.2554
342,36,-4791,-1997,0.7817,156.3994,14.0778
343,51,-4845,-1997,0.7812,154.0474,14.9257
344,30,-4810,-1997,0.7809,165.8857,15.3450
345,24,-4926,-1997,0.7807,140.7070,14.6123
346,100,-4803,-1997,0.7797,164.1354,15.0308
347,77,-4796,-1997,0.7789,156.8419,15.0019
348,24,-4885,-1997,0.7786,145.5988,14.9866
349,45,-4829,-1997,0.7782,155.8467,15.0297
350,28,-4811,-1997,0.7779,162.5604,15.3942
351,103,-4769,-1997,0.7769,155.8975,14.9898
352,39,-4734,-1997,0.7765,146.4036,14.5427
353,62,-4498,-1997,0.7759,148.5944,15.6419
354,25,-4871,-1997,0.7756,146.6262,16.0128
355,75,-4552,-1997,0.7748,151.4906,16.0750
356,18,-4941,-1997,0.7747,144.2958,16.0153
357,155,-3416,-1997,0.7731,155.1383,15.0718
358,43,-4900,-1997,0.7727,143.4748,14.6557
359,77,-3383,-1997,0.7719,157.2682,14.3599
360,79,-3385,-1997,0.7711,155.1574,14.3545
361,58,-4560,-1997,0.7705,148.9620,14.6969
362,21,-4903,-1997,0.7703,158.8047,15.0815
363,25,-4877,-1997,0.7701,164.6445,14.4278
364,37,-4840,-1997,0.7697,165.5589,14.4239
365,152,-3471,-1997,0.7682,148.4937,15.0471
366,12,-4960,-1997,0.7680,160.8873,14.6718
367,36,-4811,-1997,0.7677,159.5000,14.7508
368,50,-4668,-1997,0.7672,148.7242,14.7850
369,54,-4772,-1997,0.7666,156.2831,14.7733
370,91,-4440,-1997,0.7657,158.7383,15.1523
371,50,-4713,-1997,0.7652,159.9134,15.5505
372,37,-4884,-1997,0.7648,139.7268,16.5592
373,20,-4985,-1997,0.7646,172.9347,16.2548
374,42,-4856,-1997,0.7642,160.6039,16.2296
375,83,-3368,-1997,0.7634,150.5512,16.8885
376,62,-4558,-1997,0.7627,148.5240,17.2211
377,27,-4901,-1997,0.7625,164.0686,17.2171
378,49,-4898,-1997,0.7620,143.1045,17.1203
379,53,-4655,-1997,0.7614,154.5751,16.4021
380,26,-4789,-1997,0.7612,147.2004,16.8285
381,64,-4536,-1997,0.7605,150.7970,17.2021
382,68,-4583,-1997,0.7598,150.3398,16.7762
383,37,-4697,-1997,0.7595,154.6231,16.3685
384,156,-4727,-1997,0.7579,148.6890,13.6597
385,21,-4959,-1997,0.7577,150.0864,13.6571
386,79,-4508,-1997,0.7569,151.9905,12.9312
387,140,-3298,-1997,0.7555,148.0289,13.8951
388,27,-4929,-1997,0.7552,155.3918,13.3058
389,14,-4910,-1997,0.7551,136.1877,13.7626
390,56,-4656,-1997,0.7545,151.8896,13.7307
391,43,-4906,-1997,0.7541,138.7400,15.1784
392,41,-4730,-1997,0.7537,146.8822,14.8789
393,198,-1971,-1971,0.7517,141.5798,15.9370
394,85,-4799,-1971,0.7508,142.7596,16.0642
395,62,-4922,-1971,0.7502,135.4114,16.8278
396,192,-3344,-1971,0.7483,147.3742,16.8524
397,202,-3297,-1971,0.7463,144.9661,17.3428
398,38,-4784,-1971,0.7459,147.7661,17.0374
399,30,-4827,-1971,0.7456,143.0123,17.3790
400,20,-4857,-1971,0.7454,141.7122,17.3680
401,45,-4722,-1971,0.7449,139.2751,17.3754
402,21,-4950,-1971,0.7447,123.0942,16.9235
403,49,-4625,-1971,0.7442,145.8295,17.1723
404,23,-4907,-1971,0.7440,142.8799,16.8556
405,29,-4808,-1971,0.7437,147.1826,15.6675
406,30,-4910,-1971,0.7434,128.8564,15.2765
407,27,-4926,-1971,0.7431,126.8938,15.2567
408,64,-4722,-1971,0.7425,138.5091,13.4490
409,62,-4571,-1971,0.7418,143.4191,13.8263
410,174,-3253,-1971,0.7401,140.3558,15.2125
411,89,-3358,-1971,0.7392,139.3826,16.3866
412,35,-4885,-1971,0.7389,132.5226,15.8155
413,60,-4518,-1971,0.7383,134.2109,16.5296
414,26,-4811,-1971,0.7380,124.1213,16.5350
415,33,-4973,-1971,0.7376,132.0234,16.4816
416,56,-4593,-1971,0.7371,142.1501,16.0565
417,83,-4427,-1971,0.7363,132.0815,16.1012
418,19,-4876,-1971,0.7361,144.5544,15.7237
419,41,-4895,-1971,0.7356,138.3465,15.2518
420,41,-4692,-1971,0.7352,144.2364,15.2837
421,58,-4567,-1971,0.7346,134.7478,15.2801
422,26,-4967,-1971,0.7344,134.8848,15.1435
423,114,-3383,-1971,0.7332,134.9688,14.6741
424,53,-4628,-1971,0.7327,138.7439,14.6615
425,33,-4809,-1971,0.7324,134.1720,15.7363
426,71,-3381,-1971,0.7317,133.3321,15.8909
427,79,-4489,-1971,0.7309,141.6529,15.5421
428,71,-4501,-1971,0.7301,133.9424,15.6647
429,96,-3351,-1971,0.7292,130.5176,16.7094
430,91,-3333,-1971,0.7283,134.0401,16.7176
431,190,-3188,-1971,0.7264,135.8257,18.4822
432,62,-4756,-1971,0.7258,137.4566,18.4572
433,25,-4853,-1971,0.7255,134.9207,18.3490
434,92,-3412,-1971,0.7246,128.9314,17.7196
435,29,-4798,-1971,0.7243,133.6818,17.7892
436,91,-3418,-1971,0.7234,135.5505,16.8533
437,76,-4587,-1971,0.7226,129.1501,15.5393
438,28,-4814,-1971,0.7223,124.9040,15.1603
439,50,-4594,-1971,0.7218,135.9775,15.2827
440,112,-3377,-1971,0.7207,128.4561,14.6218
441,24,-4844,-1971,0.7205,147.3815,14.3576
442,75,-3401,-1971,0.7197,137.9205,15.3378
443,23,-4831,-1971,0.7195,124.2847,15.3307
444,71,-4623,-1971,0.7188,133.0004,16.5076
445,14,-4910,-1971,0.7186,129.4947,16.5235
446,55,-4605,-1971,0.7180,122.9531,16.5022
447,94,-3344,-1971,0.7171,127.8524,17.6132
448,113,-3391,-1971,0.7160,129.5724,17.1003
449,43,-4795,-1971,0.7155,134.8887,17.7159
450,96,-3427,-1971,0.7146,131.5127,17.6986
451,32,-4853,-1971,0.7143,127.2946,17.1660
452,84,-3401,-1971,0.7134,131.2692,17.4678
453,23,-4970,-1971,0.7132,118.3728,17.4306
454,23,-4916,-1971,0.7129,121.2104,17.0267
455,95,-4569,-1971,0.7120,126.5427,16.6473
456,16,-4895,-1971,0.7118,135.9132,16.6466
457,29,-4833,-1971,0.7115,127.7869,16.3424
458,16,-4928,-1971,0.7114,118.0965,16.3270
459,22,-4910,-1971,0.7111,124.7205,16.1560
460,15,-4944,-1971,0.7110,130.9317,16.1322
461,48,-4663,-1971,0.7105,128.1248,16.2644
462,25,-4897,-1971,0.7102,128.4922,16.3692
463,26,-4873,-1971,0.7100,127.7000,16.3929
464,93,-3405,-1971,0.7090,122.0791,14.8896
465,98,-3392,-1971,0.7080,124.3328,14.0601
466,58,-4590,-1971,0.7075,129.9701,14.4499
467,49,-4639,-1971,0.7070,124.9081,14.4398
468,47,-4700,-1971,0.7065,131.3249,14.0493
469,102,-3403,-1971,0.7055,119.7052,15.3639
470,57,-4593,-1971,0.7049,126.2237,16.0581
471,89,-3392,-1971,0.7040,127.8383,15.1817
472,131,-3381,-1971,0.7027,126.0702,16.3083
473,90,-3410,-1971,0.7018,118.3445,15.4661
474,20,-4906,-1971,0.7016,128.1708,15.4384
475,136,-3417,-1971,0.7002,114.0652,15.4615
476,139,-3178,-1971,0.6989,124.1581,15.4713
477,32,-4890,-1971,0.6985,123.7169,16.3514
478,24,-4900,-1971,0.6983,135.9646,16.0420
479,57,-4756,-1971,0.6977,132.1981,16.4380
480,103,-4481,-1971,0.6967,126.9280,16.0916
481,96,-3390,-1971,0.6957,121.7086,16.9888
482,14,-4898,-1971,0.6956,124.4759,16.9751
483,112,-4596,-1971,0.6944,119.2789,15.9976
484,104,-4522,-1971,0.6934,121.6741,15.2759
485,66,-4563,-1971,0.6927,126.8704,15.3153
486,67,-4628,-1971,0.6921,133.3017,15.6628
487,47,-4854,-1971,0.6916,116.3174,15.2654
488,36,-4724,-1971,0.6912,122.7781,15.5903
489,29,-4862,-1971,0.6909,124.4525,16.4811
490,83,-3381,-1971,0.6901,122.6805,17.2000
491,31,-4830,-1971,0.6898,119.3746,17.2868
492,20,-4933,-1971,0.6896,133.2089,17.2575
493,191,-3228,-1971,0.6877,122.9642,17.8678
494,75,-4439,-1971,0.6869,110.2498,17.5101
495,55,-4587,-1971,0.6864,114.5541,17.2153
496,85,-3409,-1971,0.6855,119.2069,16.4722
497,49,-4726,-1971,0.6850,119.5772,16.3561
498,43,-4943,-1971,0.6846,107.2058,15.8889
499,74,-4573,-1971,0.6838,122.5041,15.0529
500,21,-4904,-1971,0.6836,111.4746,15.1471
501,40,-4728,-1971,0.6832,108.6758,15.1777
502,27,-4873,-1971,0.6829,112.2595,14.7824
503,17,-4975,-1971,0.6828,108.8401,14.7058
504,38,-4783,-1971,0.6824,109.7773,15.5982
505,50,-4689,-1971,0.6819,110.9043,15.2537
506,78,-3368,-1971,0.6811,110.8076,16.4070
507,33,-4775,-1971,0.6808,118.5237,16.7339
508,21,-4848,-1971,0.6805,112.4510,16.3287
509,45,-4704,-1971,0.6801,120.1307,15.9980
510,76,-4556,-1971,0.6793,114.1007,15.6114
511,59,-4518,-1971,0.6787,106.7910,15.8302
512,19,-4888,-1971,0.6785,111.5751,15.4449
513,329,-263,-263,0.6753,115.1739,16.1155
514,15,-4942,-263,0.6751,106.2166,16.1197
515,21,-4950,-263,0.6749,120.3322,16.2178
516,42,-4676,-263,0.6745,127.4837,15.0256
517,97,-3324,-263,0.6735,113.2572,14.7231
518,104,-3371,-263,0.6724,114.7139,15.3062
519,37,-4680,-263,0.6721,124.3919,17.0694
520,40,-4834,-263,0.6717,105.0350,16.6688
521,32,-4820,-263,0.6713,120.2508,17.4009
522,81,-3356,-263,0.6705,117.3478,17.4779
523,70,-3408,-263,0.6698,117.8140,16.8753
524,43,-4664,-263,0.6694,106.6093,16.4820
525,47,-4751,-263,0.6689,109.7887,16.4706
526,77,-3378,-263,0.6681,107.8704,16.5510
527,34,-4865,-263,0.6678,110.1675,16.4923
528,29,-4801,-263,0.6675,109.3145,16.1007
529,113,-3349,-263,0.6664,115.3174,15.7676
530,23,-4928,-263,0.6661,132.6856,16.1613
531,55,-4557,-263,0.6656,118.9346,16.1549
532,63,-4636,-263,0.6649,107.6833,16.6255
533,12,-4921,-263,0.6648,106.6737,16.6307
534,64,-4480,-263,0.6642,110.8670,17.0993
535,13,-4967,-263,0.6640,110.0373,16.6880
536,75,-3370,-263,0.6633,112.8992,17.7189
537,115,-3351,-263,0.6621,107.3807,17.6088
538,20,-4884,-263,0.6619,113.0278,17.2983
539,37,-4746,-263,0.6615,108.6798,17.2816
540,81,-3342,-263,0.6607,107.6570,17.8454
541,92,-3320,-263,0.6598,103.0567,17.5440
542,48,-4573,-263,0.6593,109.2523,17.9160
543,88,-3320,-263,0.6584,113.4517,17.5221
544,124,-3345,-263,0.6572,108.4845,18.0413
545,30,-4762,-263,0.6569,116.5521,17.6613
546,76,-3341,-263,0.6561,102.9177,17.5406
547,120,-3429,-263,0.6549,106.9262,17.6467
548,121,-3419,-263,0.6537,104.0563,17.5301
549,25,-4830,-263,0.6535,120.9467,17.6065
550,46,-4687,-263,0.6530,108.0338,17.3857
551,170,-1891,-263,0.6513,112.5249,17.3617
552,27,-4870,-263,0.6510,113.8533,15.7815
553,39,-4895,-263,0.6506,104.0886,15.7149
554,65,-4603,-263,0.6500,109.0972,16.0684
555,37,-4854,-263,0.6496,108.9382,16.4490
556,29,-4825,-263,0.6493,114.2516,16.4712
557,15,-4963,-263,0.6492,82.3320,16.0855
558,88,-4476,-263,0.6483,104.4146,15.7106
559,87,-3314,-263,0.6474,108.8341,17.2942
560,33,-4875,-263,0.6471,110.5912,16.7374
561,24,-4819,-263,0.6468,101.2825,16.7342
562,86,-3317,-263,0.6460,104.2838,16.8691
563,42,-4754,-263,0.6455,97.5586,17.0657
564,176,-1932,-263,0.6438,106.6369,16.4422
565,59,-4506,-263,0.6432,108.5085,16.5816
566,86,-4533,-263,0.6423,107.3101,17.0893
567,98,-3339,-263,0.6414,108.2650,17.6148
568,26,-4898,-263,0.6411,95.4158,17.6144
569,56,-4605,-263,0.6405,103.3610,17.5256
570,15,-4947,-263,0.6404,101.0459,17.6753
571,10,-4938,-263,0.6403,107.4095,17.8384
572,105,-3275,-263,0.6392,107.1563,17.5224
573,57,-4689,-263,0.6386,99.2814,17.6210
574,58,-4571,-263,0.6380,108.4195,16.8126
575,121,-3220,-263,0.6368,108.6800,16.7758
576,74,-3396,-263,0.6361,103.5104,16.5438
577,69,-3419,-263,0.6354,100.4301,16.2864
578,27,-4868,-263,0.6351,100.6978,16.3752
579,86,-3430,-263,0.6343,106.3973,14.9157
580,18,-4874,-263,0.6341,108.9038,14.6791
581,108,-3282,-263,0.6330,105.7854,15.0009
582,33,-4779,-263,0.6327,101.3412,15.2677
583,76,-3402,-263,0.6319,94.1159,15.1918
584,87,-3367,-263,0.6310,93.6356,14.7833
585,16,-4983,-263,0.6309,97.4709,14.7582
586,72,-3395,-263,0.6301,105.4473,15.5708
587,278,-1745,-263,0.6274,97.8642,17.7583
588,142,-3329,-263,0.6260,102.0687,17.9642
589,45,-4695,-263,0.6255,102.6939,18.0531
590,66,-4426,-263,0.6248,96.0591,17.7452
591,89,-3425,-263,0.6239,98.8158,16.0710
592,108,-3362,-263,0.6229,99.3004,15.1087
593,28,-4879,-263,0.6226,90.8010,14.3089
594,15,-4918,-263,0.6224,78.7703,14.5703
595,32,-4881,-263,0.6221,94.4157,14.5932
596,90,-3437,-263,0.6212,97.3228,14.4205
597,42,-4708,-263,0.6208,100.1256,14.4664
598,23,-4940,-263,0.6205,97.0529,16.0252
599,83,-3329,-263,0.6197,99.4277,16.2969
600,59,-4631,-263,0.6191,100.4119,17.0477
601,47,-4614,-263,0.6186,101.4425,16.0619
602,250,-1758,-263,0.6161,96.2612,17.9219
603,86,-4475,-263,0.6153,94.6344,16.3713
604,76,-3354,-263,0.6145,90.6914,16.5050
605,189,-1877,-263,0.6126,91.6020,18.4629
606,25,-4930,-263,0.6124,88.3476,18.4819
607,160,-1926,-263,0.6108,94.0122,18.0853
608,86,-3346,-263,0.6099,93.4348,16.9360
609,24,-4847,-263,0.6097,108.5384,16.4973
610,102,-3323,-263,0.6087,93.0728,16.8320
611,38,-4795,-263,0.6083,90.1460,16.4227
612,41,-4834,-263,0.6079,94.5437,16.3591
613,38,-4666,-263,0.6075,90.2065,16.1267
614,54,-4584,-263,0.6069,88.6934,16.8029
615,71,-3386,-263,0.6062,94.0551,16.2748
616,58,-4553,-263,0.6056,92.9440,16.2942
617,68,-4450,-263,0.6050,96.4604,17.0046
618,100,-3342,-263,0.6040,93.6352,16.8131
619,55,-4638,-263,0.6034,83.4929,17.3163
620,64,-4487,-263,0.6028,98.7936,17.0690
621,83,-3326,-263,0.6019,92.8848,16.9625
622,75,-3358,-263,0.6012,90.4601,17.1033
623,16,-4883,-263,0.6010,85.8287,17.2554
624,156,-1841,-263,0.5994,90.8743,17.7399
625,91,-3333,-263,0.5985,94.0691,17.2010
626,89,-3349,-263,0.5976,90.2525,17.9150
627,21,-4896,-263,0.5974,91.5634,17.9092
628,34,-4855,-263,0.5971,92.9178,17.7925
629,54,-4583,-263,0.5965,96.9461,16.1897
630,41,-4703,-263,0.5961,96.3293,15.0152
631,79,-3378,-263,0.5953,94.9154,14.8410
632,18,-4907,-263,0.5951,82.1029,13.9811
633,46,-4661,-263,0.5947,86.9343,14.0931
634,156,-1866,-263,0.5931,90.8772,16.7159
635,64,-4533,-263,0.5925,94.2238,16.7664
636,106,-3333,-263,0.5914,92.3545,18.2032
637,27,-4759,-263,0.5911,84.6340,18.1833
638,17,-4913,-263,0.5910,93.0530,17.8880
639,94,-3362,-263,0.5900,89.3351,17.4461
640,25,-4816,-263,0.5898,90.4070,16.6204
641,23,-4910,-263,0.5895,85.0318,16.2210
642,51,-4811,-263,0.5890,86.9405,15.7416
643,73,-3386,-263,0.5883,89.0472,16.2695
644,55,-4567,-263,0.5877,90.6242,15.6587
645,204,-1650,-263,0.5857,86.1558,17.2454
646,36,-4792,-263,0.5853,93.6618,18.0872
647,46,-4813,-263,0.5849,86.9623,18.0826
648,134,-3116,-263,0.5835,87.1236,17.7247
649,65,-4488,-263,0.5829,88.8698,16.7533
650,199,-3001,-263,0.5809,86.3647,17.3895
651,176,-3096,-263,0.5791,83.7527,16.7230
652,18,-4869,-263,0.5790,86.9292,16.3294
653,72,-3414,-263,0.5782,87.3248,15.9967
654,12,-4924,-263,0.5781,86.5895,15.1942
655,165,-1852,-263,0.5765,83.6664,16.0826
656,123,-3230,-263,0.5752,90.8025,17.7409
657,152,-3157,-263,0.5737,84.6477,15.7701
658,40,-4685,-263,0.5733,93.2486,16.1969
659,74,-3405,-263,0.5726,79.5802,15.2500
660,19,-4895,-263,0.5724,84.1957,15.0496
661,284,-1517,-263,0.5695,81.3475,17.5813
662,17,-4859,-263,0.5694,80.2193,17.2251
663,144,-1861,-263,0.5679,86.8651,16.7489
664,154,-1915,-263,0.5664,87.1564,17.2813
665,83,-3409,-263,0.5656,81.3581,17.4029
666,39,-4722,-263,0.5652,81.0998,17.3571
667,17,-4881,-263,0.5650,79.1304,17.3617
668,57,-4529,-263,0.5644,83.1966,16.8316
669,138,-3026,-263,0.5630,78.7264,17.6859
670,261,-1443,-263,0.5604,81.0421,17.7896
671,46,-4731,-263,0.5600,80.9303,16.6603
672,78,-3327,-263,0.5592,75.2907,16.9668
673,55,-4506,-263,0.5586,80.3781,16.2441
674,23,-4887,-263,0.5584,79.6335,15.8726
675,75,-3360,-263,0.5577,83.3201,16.7851
676,18,-4979,-263,0.5575,84.3427,16.3329
677,152,-1887,-263,0.5560,81.0565,16.3246
678,59,-4506,-263,0.5554,78.6890,16.5621
679,50,-4546,-263,0.5549,81.2978,16.4629
680,68,-4440,-263,0.5542,80.4535,16.4175
681,78,-3372,-263,0.5534,78.5727,17.2896
682,39,-4718,-263,0.5530,74.2255,17.2896
683,109,-3369,-263,0.5519,77.6467,17.2896
684,22,-4944,-263,0.5517,81.6153,17.2896
685,74,-3355,-263,0.5509,78.2479,17.2896
686,42,-4650,-263,0.5505,80.1786,17.2896
687,20,-4905,-263,0.5503,74.9160,17.2896
688,88,-3401,-263,0.5494,82.2117,17.2896
689,36,-4707,-263,0.5491,81.0127,17.2896
690,215,-1786,-263,0.5469,76.4169,17.2896
691,68,-4471,-263,0.5462,78.8468,17.2896
692,84,-4472,-263,0.5454,73.1833,17.2896
693,38,-4665,-263,0.5450,82.6376,17.2896
694,72,-4527,-263,0.5443,73.2588,17.2896
695,73,-3397,-263,0.5436,78.5668,17.2896
696,22,-4895,-263,0.5433,79.1860,17.2896
697,69,-3405,-263,0.5426,76.7107,17.2896
698,69,-4527,-263,0.5419,74.2497,17.2896
699,75,-3363,-263,0.5412,77.0371,17.2896
700,31,-4782,-263,0.5409,77.7907,17.2896
701,49,-4640,-263,0.5404,75.4868,17.2896
702,78,-3361,-263,0.5396,74.7236,17.2896
703,50,-4628,-263,0.5391,74.4894,17.2896
704,150,-3056,-263,0.5376,75.8062,17.2896
705,82,-3295,-263,0.5368,70.5779,17.2896
706,145,-1853,-263,0.5353,70.3077,17.2896
707,143,-1884,-263,0.5339,76.3356,17.2896
708,28,-4801,-263,0.5336,69.1597,17.2896
709,125,-3336,-263,0.5324,70.5264,17.2896
710,76,-3329,-263,0.5316,73.3324,17.2896
711,152,-1872,-263,0.5301,72.4341,17.2896
712,57,-4522,-263,0.5295,75.0696,17.2896
713,78,-3374,-263,0.5287,75.1254,17.2896
714,150,-1900,-263,0.5272,69.7735,17.2896
715,83,-3322,-263,0.5264,70.4756,17.2896
716,120,-3190,-263,0.5252,71.8064,17.2896
717,82,-3339,-263,0.5244,75.4068,17.2896
718,19,-4872,-263,0.5242,63.9446,17.2896
719,70,-3397,-263,0.5235,82.2019,17.2896
720,21,-4859,-263,0.5233,75.4209,17.2896
721,142,-2978,-263,0.5218,70.4947,17.2896
722,84,-3328,-263,0.5210,74.8293,17.2896
723,119,-3226,-263,0.5198,71.8834,17.2896
724,212,-1497,-263,0.5177,71.3440,17.2896
725,82,-3388,-263,0.5169,70.8740,17.2896
726,71,-4512,-263,0.5162,67.9074,17.2896
727,19,-4880,-263,0.5160,68.2886,17.2896
728,86,-3290,-263,0.5151,71.1543,17.2896
729,58,-4522,-263,0.5145,69.5262,17.2896
730,134,-1900,-263,0.5132,72.5160,17.2896
731,14,-4916,-263,0.5130,71.4449,17.2896
732,35,-4698,-263,0.5127,67.9839,17.2896
733,73,-4439,-263,0.5120,70.1218,17.2896
734,139,-1853,-263,0.5106,70.8617,17.2896
735,176,-1850,-263,0.5088,64.5923,17.2896
736,124,-3020,-263,0.5076,70.6319,17.2896
737,77,-3363,-263,0.5068,69.4995,17.2896
738,82,-3346,-263,0.5060,65.4514,17.2896
739,160,-1883,-263,0.5044,66.6441,17.2896
740,47,-4641,-263,0.5039,67.4306,17.2896
741,34,-4709,-263,0.5036,68.9065,17.2896
742,85,-3272,-263,0.5027,65.0817,17.2896
743,19,-4855,-263,0.5025,63.7928,17.2896
744,89,-3373,-263,0.5016,67.3293,17.2896
745,74,-3331,-263,0.5009,68.7568,17.2896
746,234,-1459,-263,0.4986,70.0450,17.2896
747,123,-3104,-263,0.4973,65.0598,17.2896
748,85,-3383,-263,0.4965,69.4979,17.2896
749,79,-3320,-263,0.4957,66.3411,17.2896
750,46,-4572,-263,0.4952,64.3946,17.2896
751,96,-3296,-263,0.4943,67.9053,17.2896
752,77,-3383,-263,0.4935,65.5096,17.2896
753,227,-1481,-263,0.4912,67.1615,17.2896
754,208,-1669,-263,0.4892,62.9019,17.2896
755,18,-4874,-263,0.4890,56.1016,17.2896
756,218,-1469,-263,0.4868,61.7103,17.2896
757,17,-4873,-263,0.4866,65.5064,17.2896
758,75,-3352,-263,0.4859,64.9390,17.2896
759,98,-3296,-263,0.4849,66.2514,17.2896
760,31,-4741,-263,0.4846,62.5103,17.2896
761,29,-4831,-263,0.4843,59.8092,17.2896
762,198,-1765,-263,0.4823,61.4726,17.2896
763,115,-3139,-263,0.4812,64.5037,17.2896
764,213,-1471,-263,0.4791,63.2041,17.2896
765,49,-4634,-263,0.4786,67.8115,17.2896
766,124,-3163,-263,0.4773,62.5846,17.2896
767,31,-4770,-263,0.4770,57.5711,17.2896
768,114,-3147,-263,0.4759,62.2995,17.2896
769,19,-4944,-263,0.4757,65.4592,17.2896
770,43,-4812,-263,0.4752,60.4576,17.2896
771,53,-4559,-263,0.4747,57.2626,17.2896
772,73,-3369,-263,0.4740,58.0791,17.2896
773,146,-1830,-263,0.4725,65.4560,17.2896
774,74,-3335,-263,0.4718,63.9151,17.2896
775,74,-3365,-263,0.4710,59.1590,17.2896
776,37,-4659,-263,0.4706,62.2583,17.2896
777,196,-1926,-263,0.4687,60.0909,17.2896
778,109,-3313,-263,0.4676,66.0540,17.2896
779,56,-4530,-263,0.4670,63.4921,17.2896
780,25,-4805,-263,0.4668,57.2393,17.2896
781,103,-3323,-263,0.4658,60.1664,17.2896
782,50,-4571,-263,0.4653,59.0135,17.2896
783,136,-3111,-263,0.4639,62.7452,17.2896
784,144,-1901,-263,0.4625,59.6367,17.2896
785,92,-3280,-263,0.4615,56.9418,17.2896
786,136,-1873,-263,0.4602,59.2638,17.2896
787,79,-3342,-263,0.4594,58.5997,17.2896
788,158,-1810,-263,0.4578,59.3184,17.2896
789,136,-3049,-263,0.4565,58.9303,17.2896
790,48,-4656,-263,0.4560,59.4060,17.2896
791,144,-1894,-263,0.4545,56.1834,17.2896
792,120,-1936,-263,0.4533,59.6953,17.2896
793,152,-1824,-263,0.4518,56.4639,17.2896
794,72,-3360,-263,0.4511,55.6236,17.2896
795,202,-1455,-263,0.4491,59.6780,17.2896
796,16,-4874,-263,0.4489,68.1622,17.2896
797,55,-4522,-263,0.4484,57.6587,17.2896
798,23,-4830,-263,0.4481,52.3905,17.2896
799,111,-3124,-263,0.4470,53.3850,17.2896
800,72,-3386,-263,0.4463,58.2414,17.2896
801,118,-3371,-263,0.4451,52.1496,17.2896
802,69,-3385,-263,0.4444,56.1952,17.2896
803,82,-3332,-263,0.4436,52.2836,17.2896
804,80,-3358,-263,0.4428,57.7322,17.2896
805,159,-1858,-263,0.4412,52.5788,17.2896
806,67,-4522,-263,0.4406,51.0199,17.2896
807,44,-4595,-263,0.4401,52.7617,17.2896
808,167,-1893,-263,0.4384,53.3508,17.2896
809,75,-3340,-263,0.4377,53.8482,17.2896
810,74,-3358,-263,0.4369,59.9468,17.2896
811,237,-1470,-263,0.4346,53.6110,17.2896
812,77,-3332,-263,0.4338,51.0879,17.2896
813,12,-4924,-263,0.4337,54.5759,17.2896
814,155,-1897,-263,0.4321,54.3692,17.2896
815,73,-3368,-263,0.4314,54.5172,17.2896
816,265,-249,-249,0.4288,55.0558,17.2896
817,141,-1901,-249,0.4274,56.2443,17.2896
818,158,-1863,-249,0.4258,50.7647,17.2896
819,14,-4913,-249,0.4257,49.0665,17.2896
820,11,-4946,-249,0.4255,49.5370,17.2896
821,76,-3386,-249,0.4248,52.0578,17.2896
822,102,-3216,-249,0.4238,52.6186,17.2896
823,104,-3213,-249,0.4227,52.8185,17.2896
824,17,-4874,-249,0.4225,54.3325,17.2896
825,27,-4819,-249,0.4223,48.9919,17.2896
826,204,-1483,-249,0.4202,52.0641,17.2896
827,14,-4906,-249,0.4201,49.5294,17.2896
828,17,-4881,-249,0.4199,55.4952,17.2896
829,226,-1417,-249,0.4177,52.7747,17.2896
830,199,-1462,-249,0.4157,52.1849,17.2896
831,137,-1847,-249,0.4143,53.3137,17.2896
832,15,-4889,-249,0.4141,47.4182,17.2896
833,267,-1501,-249,0.4115,51.1800,17.2896
834,59,-4523,-249,0.4109,50.0031,17.2896
835,159,-1857,-249,0.4093,50.3773,17.2896
836,117,-3034,-249,0.4081,53.7780,17.2896
837,223,-297,-249,0.4059,52.6211,17.2896
838,145,-1903,-249,0.4045,49.4512,17.2896
839,216,-1493,-249,0.4023,48.9642,17.2896
840,79,-3341,-249,0.4015,52.2357,17.2896
841,80,-3369,-249,0.4007,51.3097,17.2896
842,262,-252,-249,0.3981,48.0597,17.2896
843,79,-3319,-249,0.3973,49.5055,17.2896
844,156,-1862,-249,0.3958,48.3274,17.2896
845,82,-3287,-249,0.3950,48.2369,17.2896
846,126,-3006,-249,0.3937,49.3814,17.2896
847,116,-3037,-249,0.3926,48.8990,17.2896
848,124,-3037,-249,0.3913,49.3341,17.2896
849,32,-4863,-249,0.3910,42.0164,17.2896
850,19,-4916,-249,0.3908,50.4649,17.2896
851,209,-1477,-249,0.3887,50.0924,17.2896
852,65,-3414,-249,0.3881,49.5365,17.2896
853,249,-269,-249,0.3856,45.6489,17.2896
854,74,-3360,-249,0.3848,46.9339,17.2896
855,69,-3376,-249,0.3842,50.5989,17.2896
856,32,-4707,-249,0.3838,45.4179,17.2896
857,266,-229,-229,0.3812,45.8358,17.2896
858,83,-3323,-229,0.3803,41.8370,17.2896
859,72,-3370,-229,0.3796,49.6971,17.2896
860,79,-3360,-229,0.3788,45.7049,17.2896
861,315,-227,-227,0.3757,46.0473,17.2896
862,39,-4708,-227,0.3753,45.2416,17.2896
863,174,-1513,-227,0.3736,46.0382,17.2896
864,187,-1519,-227,0.3717,44.9574,17.2896
865,82,-3312,-227,0.3709,43.7131,17.2896
866,171,-1643,-227,0.3692,44.2868,17.2896
867,70,-3359,-227,0.3685,44.9005,17.2896
868,77,-3328,-227,0.3677,41.0417,17.2896
869,70,-3377,-227,0.3670,45.6074,17.2896
870,108,-3005,-227,0.3659,42.2160,17.2896
871,71,-3341,-227,0.3652,43.4081,17.2896
872,50,-4543,-227,0.3647,43.6251,17.2896
873,70,-3379,-227,0.3640,42.2561,17.2896
874,49,-4578,-227,0.3635,42.7028,17.2896
875,98,-3264,-227,0.3625,44.1773,17.2896
876,80,-3318,-227,0.3617,46.3971,17.2896
877,161,-1848,-227,0.3601,43.2191,17.2896
878,74,-3338,-227,0.3594,43.1038,17.2896
879,77,-3326,-227,0.3586,42.5055,17.2896
880,72,-3390,-227,0.3579,42.2118,17.2896
881,133,-1872,-227,0.3566,40.4557,17.2896
882,196,-1492,-227,0.3546,43.2089,17.2896
883,91,-3199,-227,0.3537,40.9994,17.2896
884,45,-4635,-227,0.3533,41.9172,17.2896
885,273,-2,-2,0.3505,41.0712,17.2896
886,71,-3381,-2,0.3498,42.8947,17.2896
887,94,-3243,-2,0.3489,41.3185,17.2896
888,165,-1668,-2,0.3472,39.4333,17.2896
889,199,-269,-2,0.3453,42.5104,17.2896
890,122,-3034,-2,0.3440,37.4957,17.2896
891,187,-1501,-2,0.3422,40.1233,17.2896
892,71,-3342,-2,0.3415,39.7590,17.2896
893,36,-4704,-2,0.3411,43.3278,17.2896
894,52,-4550,-2,0.3406,41.3938,17.2896
895,226,-256,-2,0.3383,41.5851,17.2896
896,75,-3339,-2,0.3376,39.7621,17.2896
897,274,-271,-2,0.3349,40.8369,17.2896
898,75,-3320,-2,0.3341,39.2299,17.2896
899,79,-3354,-2,0.3333,40.7185,17.2896
900,182,-1669,-2,0.3315,40.6274,17.2896
901,170,-1633,-2,0.3298,39.0352,17.2896
902,98,-3290,-2,0.3288,39.0166,17.2896
903,21,-4819,-2,0.3286,32.4574,17.2896
904,216,-259,-2,0.3265,38.7209,17.2896
905,245,-225,-2,0.3240,38.7304,17.2896
906,195,-1466,-2,0.3221,38.1794,17.2896
907,222,-280,-2,0.3199,38.9059,17.2896
908,215,-1414,-2,0.3177,37.2636,17.2896
909,164,-1865,-2,0.3161,37.2674,17.2896
910,41,-4641,-2,0.3157,37.9365,17.2896
911,85,-3297,-2,0.3148,37.1097,17.2896
912,19,-4836,-2,0.3146,35.8352,17.2896
913,73,-3380,-2,0.3139,40.6100,17.2896
914,224,-1432,-2,0.3117,37.4907,17.2896
915,80,-3347,-2,0.3109,35.4235,17.2896
916,73,-3332,-2,0.3101,37.5647,17.2896
917,118,-3064,-2,0.3090,36.2215,17.2896
918,79,-3320,-2,0.3082,37.4243,17.2896
919,145,-1809,-2,0.3067,37.6832,17.2896
920,275,17,17,0.3040,35.9721,17.2896
921,307,1303,1303,0.3010,36.7449,17.2896
922,70,-3371,1303,0.3002,38.9444,17.2896
923,147,-1839,1303,0.2988,36.7087,17.2896
924,129,-1880,1303,0.2975,35.4965,17.2896
925,75,-3347,1303,0.2967,34.5670,17.2896
926,209,-249,1303,0.2947,35.0244,17.2896
927,69,-3382,1303,0.2940,34.0436,17.2896
928,122,-3017,1303,0.2928,36.2846,17.2896
929,133,-1887,1303,0.2914,34.7991,17.2896
930,200,-1642,1303,0.2894,35.6351,17.2896
931,175,-1467,1303,0.2877,36.0482,17.2896
932,214,-238,1303,0.2856,33.7148,17.2896
933,70,-3369,1303,0.2849,33.5766,17.2896
934,71,-3341,1303,0.2842,35.9069,17.2896
935,134,-1842,1303,0.2828,34.8405,17.2896
936,224,-214,1303,0.2806,33.9723,17.2896
937,142,-1896,1303,0.2792,32.4980,17.2896
938,155,-1817,1303,0.2776,34.5903,17.2896
939,78,-3320,1303,0.2768,33.4752,17.2896
940,207,-1389,1303,0.2748,32.2972,17.2896
941,192,-1484,1303,0.2729,32.0001,17.2896
942,90,-3202,1303,0.2720,32.1746,17.2896
943,201,-276,1303,0.2700,33.3532,17.2896
944,165,-1605,1303,0.2683,31.7646,17.2896
945,136,-1838,1303,0.2670,32.2346,17.2896
946,206,-262,1303,0.2649,33.1801,17.2896
947,220,-220,1303,0.2627,32.1012,17.2896
948,83,-3296,1303,0.2619,32.1455,17.2896
949,207,-249,1303,0.2598,31.3118,17.2896
950,76,-3310,1303,0.2591,32.4690,17.2896
951,70,-3371,1303,0.2584,36.7198,17.2896
952,76,-3323,1303,0.2576,30.6138,17.2896
953,201,-242,1303,0.2556,31.0688,17.2896
954,206,-279,1303,0.2536,29.9664,17.2896
955,133,-1848,1303,0.2522,30.3017,17.2896
956,225,-247,1303,0.2500,29.9010,17.2896
957,75,-3337,1303,0.2493,31.0036,17.2896
958,116,-3031,1303,0.2481,30.8087,17.2896
959,193,-290,1303,0.2462,29.8131,17.2896
960,242,-28,1303,0.2438,31.4653,17.2896
961,139,-1780,1303,0.2424,30.9196,17.2896
962,99,-3149,1303,0.2414,30.6514,17.2896
963,176,-1473,1303,0.2396,29.7283,17.2896
964,80,-3313,1303,0.2388,28.6640,17.2896
965,142,-1837,1303,0.2374,28.4083,17.2896
966,374,1710,1710,0.2337,28.7631,17.2896
967,247,13,1710,0.2313,28.3759,17.2896
968,75,-3339,1710,0.2305,30.6268,17.2896
969,216,-278,1710,0.2284,29.6844,17.2896
970,134,-1856,1710,0.2270,28.2671,17.2896
971,76,-3313,1710,0.2263,28.6283,17.2896
972,213,-242,1710,0.2241,28.7381,17.2896
973,79,-3293,1710,0.2233,27.6522,17.2896
974,76,-3324,1710,0.2226,27.5558,17.2896
975,92,-3198,1710,0.2217,26.7390,17.2896
976,73,-3321,1710,0.2209,27.3636,17.2896
977,215,-238,1710,0.2188,27.4418,17.2896
978,197,-283,1710,0.2168,26.7548,17.2896
979,67,-3392,1710,0.2162,29.9095,17.2896
980,211,-275,1710,0.2141,26.7302,17.2896
981,175,-1463,1710,0.2123,27.6245,17.2896
982,202,-1418,1710,0.2103,27.6360,17.2896
983,209,-236,1710,0.2082,27.7186,17.2896
984,224,-42,1710,0.2060,28.2996,17.2896
985,209,-280,1710,0.2039,27.5372,17.2896
986,198,-273,1710,0.2020,26.1757,17.2896
987,198,-262,1710,0.2000,27.0296,17.2896
988,233,24,1710,0.1977,26.4432,17.2896
989,209,-250,1710,0.1956,26.5251,17.2896
990,263,109,1710,0.1930,26.0158,17.2896
991,212,-249,1710,0.1909,27.0774,17.2896
992,175,-1445,1710,0.1891,26.5037,17.2896
993,128,-1859,1710,0.1878,25.5785,17.2896
994,123,-1896,1710,0.1866,28.6216,17.2896
995,187,-294,1710,0.1848,26.2769,17.2896
996,194,-271,1710,0.1828,24.0225,17.2896
997,203,-271,1710,0.1808,24.6069,17.2896
998,188,-272,1710,0.1789,26.3031,17.2896
999,188,-1460,1710,0.1771,23.9877,17.2896
1000,100,-3130,1710,0.1761,24.8120,17.2896
1001,181,-1459,1710,0.1743,24.3160,17.2896
1002,203,-280,1710,0.1722,24.5372,17.2896
1003,130,-1827,1710,0.1709,24.6615,17.2896
1004,191,-260,1710,0.1690,25.1779,17.2896
1005,197,-223,1710,0.1671,24.3140,17.2896
1006,188,-259,1710,0.1652,23.5049,17.2896
1007,66,-3387,1710,0.1645,23.1364,17.2896
1008,110,-3026,1710,0.1634,24.2851,17.2896
1009,183,-1522,1710,0.1616,24.0533,17.2896
1010,83,-3276,1710,0.1608,22.8927,17.2896
1011,176,-1472,1710,0.1590,22.1211,17.2896
1012,166,-1469,1710,0.1574,24.0323,17.2896
1013,193,-287,1710,0.1555,22.1093,17.2896
1014,226,-31,1710,0.1532,23.3076,17.2896
1015,191,-292,1710,0.1513,22.3364,17.2896
1016,195,-278,1710,0.1494,23.2849,17.2896
1017,197,-259,1710,0.1474,22.3070,17.2896
1018,196,-266,1710,0.1455,21.6185,17.2896
1019,195,-252,1710,0.1435,21.2093,17.2896
1020,540,21775,21775,0.1382,22.7523,17.2896
1021,126,-1867,21775,0.1369,22.4370,17.2896
1022,198,-252,21775,0.1349,20.6152,17.2896
1023,199,-279,21775,0.1330,21.8983,17.2896
1024,184,-1432,21775,0.1311,21.7865,17.2896
1025,192,-263,21775,0.1292,20.9439,17.2896
1026,190,-237,21775,0.1273,20.6346,17.2896
1027,193,-256,21775,0.1254,20.5949,17.2896
1028,193,-245,21775,0.1235,22.3143,17.2896
1029,187,-276,21775,0.1216,20.1800,17.2896
1030,190,-295,21775,0.1197,19.9776,17.2896
1031,195,-264,21775,0.1178,20.7452,17.2896
1032,210,-243,21775,0.1157,20.2520,17.2896
1033,292,1396,21775,0.1128,19.9566,17.2896
1034,184,-282,21775,0.1110,20.6116,17.2896
1035,192,-265,21775,0.1091,20.2922,17.2896
1036,66,-3378,21775,0.1084,19.9041,17.2896
1037,203,-310,21775,0.1064,19.3214,17.2896
1038,158,-1632,21775,0.1048,20.2819,17.2896
1039,198,-262,21775,0.1028,19.1556,17.2896
1040,167,-1440,21775,0.1012,18.6249,17.2896
1041,188,-295,21775,0.0993,20.3159,17.2896
1042,195,-257,21775,0.0974,19.3204,17.2896
1043,189,-279,21775,0.0955,20.1980,17.2896
1044,193,-258,21775,0.0936,19.7613,17.2896
1045,192,-259,21775,0.0917,18.8464,17.2896
1046,326,1726,21775,0.0884,18.9418,17.2896
1047,443,3735,21775,0.0840,19.0350,17.2896
1048,190,-261,21775,0.0821,18.3551,17.2896
1049,198,-274,21775,0.0802,18.8522,17.2896
1050,190,-263,21775,0.0783,18.1091,17.2896
1051,192,-250,21775,0.0764,18.7945,17.2896
1052,184,-273,21775,0.0745,18.6462,17.2896
1053,220,-45,21775,0.0723,18.0563,17.2896
1054,187,-293,21775,0.0705,18.1511,17.2896
1055,190,-252,21775,0.0686,17.2641,17.2896
1056,191,-255,21775,0.0667,18.4599,17.2896
1057,185,-276,21775,0.0648,18.3744,17.2896
1058,184,-289,21775,0.0630,17.8630,17.2896
1059,192,-273,21775,0.0611,16.8964,17.2896
1060,196,-264,21775,0.0592,17.2440,17.2896
1061,187,-256,21775,0.0573,17.6887,17.2896
1062,188,-293,21775,0.0554,17.3274,17.2896
1063,170,-1403,21775,0.0537,18.2835,17.2896
1064,188,-260,21775,0.0519,17.1984,17.2896
1065,187,-248,21775,0.0500,18.0160,17.2896
1066,187,-271,21775,0.0481,17.5320,17.2896
1067,190,-276,21775,0.0462,17.1437,17.2896
1068,190,-262,21775,0.0444,16.4120,17.2896
1069,190,-269,21775,0.0425,16.2923,17.2896
1070,183,-292,21775,0.0406,17.0322,17.2896
1071,189,-259,21775,0.0388,16.5090,17.2896
1072,191,-263,21775,0.0369,16.0535,17.2896
1073,71,-3337,21775,0.0361,16.8074,17.2896
1074,185,-273,21775,0.0343,17.0347,17.2896
1075,185,-290,21775,0.0325,15.9149,17.2896
1076,190,-247,21775,0.0306,16.7767,17.2896
1077,188,-284,21775,0.0287,15.6833,17.2896
1078,189,-269,21775,0.0268,16.4016,17.2896
1079,186,-260,21775,0.0250,16.5054,17.2896
1080,186,-270,21775,0.0231,16.2585,17.2896
1081,185,-278,21775,0.0213,16.1654,17.2896
1082,498,21874,21874,0.0163,15.9819,17.2896
1083,187,-262,21874,0.0145,15.6757,17.2896
1084,187,-263,21874,0.0126,15.8765,17.2896
1085,184,-280,21874,0.0108,15.0768,17.2896
1086,188,-260,21874,0.0100,15.1345,17.2896
1087,187,-271,21874,0.0100,15.3228,17.2896
1088,185,-267,21874,0.0100,14.7283,17.2896
1089,186,-273,21874,0.0100,15.0265,17.2896
1090,183,-288,21874,0.0100,14.9199,17.2896
1091,189,-270,21874,0.0100,14.8593,17.2896
1092,186,-239,21874,0.0100,15.1425,17.2896
1093,188,-251,21874,0.0100,15.8610,17.2896
1094,194,-239,21874,0.0100,14.9772,17.2896
1095,186,-261,21874,0.0100,14.6147,17.2896
1096,310,1683,21874,0.0100,15.1831,17.2896
1097,190,-261,21874,0.0100,15.2861,17.2896
1098,184,-270,21874,0.0100,15.3391,17.2896
1099,184,-290,21874,0.0100,15.3450,17.2896
1100,482,21904,21904,0.0100,15.2822,17.2896
1101,184,-295,21904,0.0100,15.5140,17.2896
1102,185,-269,21904,0.0100,14.7924,17.2896
1103,187,-261,21904,0.0100,15.8221,17.2896
1104,183,-289,21904,0.0100,15.8945,17.2896
1105,185,-280,21904,0.0100,15.8609,17.2896
1106,186,-281,21904,0.0100,15.6481,17.2896
1107,187,-272,21904,0.0100,15.5335,17.2896
1108,186,-267,21904,0.0100,14.7975,17.2896
1109,193,-231,21904,0.0100,15.1982,17.2896
1110,187,-266,21904,0.0100,15.3135,17.2896
1111,185,-289,21904,0.0100,15.5431,17.2896
1112,188,-245,21904,0.0100,14.7193,17.2896
1113,191,-265,21904,0.0100,15.6158,17.2896
1114,485,21889,21904,0.0100,15.0527,17.2896
1115,187,-251,21904,0.0100,15.6141,17.2896
1116,184,-269,21904,0.0100,15.4673,17.2896
1117,185,-272,21904,0.0100,14.8237,17.2896
1118,184,-274,21904,0.0100,14.6958,17.2896
1119,184,-289,21904,0.0100,15.0973,17.2896
1120,188,-263,21904,0.0100,15.3394,17.2896
1121,186,-273,21904,0.0100,15.2657,17.2896
1122,185,-277,21904,0.0100,14.1796,17.2896
1123,186,-275,21904,0.0100,15.7339,17.2896
1124,190,-253,21904,0.0100,15.5742,17.2896
1125,188,-271,21904,0.0100,15.7322,17.2896
1126,186,-267,21904,0.0100,15.7361,17.2896
1127,183,-286,21904,0.0100,16.2899,17.2896
1128,185,-279,21904,0.0100,15.0091,17.2896
1129,185,-272,21904,0.0100,14.5830,17.2896
1130,185,-269,21904,0.0100,15.4454,17.2896
1131,185,-285,21904,0.0100,15.5498,17.2896
1132,186,-278,21904,0.0100,15.7212,17.2896
1133,188,-260,21904,0.0100,15.2976,17.2896
1134,185,-270,21904,0.0100,15.8602,17.2896
1135,189,-248,21904,0.0100,15.0496,17.2896
1136,188,-259,21904,0.0100,15.7700,17.2896
1137,184,-284,21904,0.0100,16.4098,17.2896
1138,185,-271,21904,0.0100,15.1706,17.2896
1139,189,-265,21904,0.0100,15.1581,17.2896
1140,484,21891,21904,0.0100,15.7090,17.2896
1141,184,-276,21904,0.0100,15.7834,17.2896
1142,190,-238,21904,0.0100,15.7461,17.2896
1143,183,-295,21904,0.0100,15.4576,17.2896
1144,187,-274,21904,0.0100,16.0992,17.2896
1145,184,-276,21904,0.0100,15.7634,17.2896
1146,185,-261,21904,0.0100,16.0364,17.2896
1147,192,-239,21904,0.0100,15.6529,17.2896
1148,186,-256,21904,0.0100,15.1462,17.2896
1149,186,-259,21904,0.0100,15.1023,17.2896
1150,186,-257,21904,0.0100,15.0354,17.2896
1151,185,-278,21904,0.0100,15.9731,17.2896
1152,182,-291,21904,0.0100,15.9080,17.2896
1153,184,-265,21904,0.0100,15.2994,17.2896
1154,310,1713,21904,0.0100,14.7326,17.2896
1155,68,-3364,21904,0.0100,14.5693,17.2896
1156,189,-253,21904,0.0100,15.2160,17.2896
1157,184,-268,21904,0.0100,15.8396,17.2896
1158,186,-279,21904,0.0100,15.7202,17.2896
1159,183,-296,21904,0.0100,15.5361,17.2896
1160,185,-282,21904,0.0100,15.8504,17.2896
1161,183,-270,21904,0.0100,15.8193,17.2896
1162,187,-268,21904,0.0100,15.7565,17.2896
1163,183,-280,21904,0.0100,14.8071,17.2896
1164,184,-262,21904,0.0100,16.0077,17.2896
1165,185,-279,21904,0.0100,16.0131,17.2896
1166,477,21899,21904,0.0100,15.2198,17.2896
1167,219,-41,21904,0.0100,15.8394,17.2896
1168,186,-263,21904,0.0100,15.7047,17.2896
1169,185,-268,21904,0.0100,15.0989,17.2896
1170,188,-258,21904,0.0100,16.2486,17.2896
1171,187,-270,21904,0.0100,15.8132,17.2896
1172,187,-249,21904,0.0100,15.5800,17.2896
1173,189,-289,21904,0.0100,16.0192,17.2896
1174,187,-272,21904,0.0100,15.5135,17.2896
1175,185,-254,21904,0.0100,15.3834,17.2896
1176,183,-268,21904,0.0100,15.7967,17.2896
1177,186,-256,21904,0.0100,15.9700,17.2896
1178,183,-288,21904,0.0100,14.7606,17.2896
1179,184,-282,21904,0.0100,15.3476,17.2896
1180,185,-266,21904,0.0100,15.5816,17.2896
1181,482,21898,21904,0.0100,15.5937,17.2896
1182,186,-262,21904,0.0100,15.7924,17.2896
1183,187,-256,21904,0.0100,15.1458,17.2896
1184,311,1693,21904,0.0100,15.8279,17.2896
1185,186,-289,21904,0.0100,15.0182,17.2896
1186,191,-235,21904,0.0100,15.6668,17.2896
1187,183,-276,21904,0.0100,16.5002,17.2896
1188,186,-268,21904,0.0100,15.1999,17.2896
1189,187,-265,21904,0.0100,15.7907,17.2896
1190,220,-12,21904,0.0100,15.5963,17.2896
1191,186,-260,21904,0.0100,15.3997,17.2896
1192,185,-280,21904,0.0100,16.0757,17.2896
1193,182,-292,21904,0.0100,16.3829,17.2896
1194,185,-284,21904,0.0100,15.7789,17.2896
1195,186,-253,21904,0.0100,15.9318,17.2896
1196,185,-286,21904,0.0100,15.8055,17.2896
1197,190,-250,21904,0.0100,16.1442,17.2896
1198,183,-294,21904,0.0100,15.6849,17.2896
1199,189,-268,21904,0.0100,16.1484,17.2896
1200,186,-286,21904,0.0100,15.8708,17.2896
1201,67,-3363,21904,0.0100,16.0824,17.2896
1202,307,1691,21904,0.0100,15.7441,17.2896
1203,187,-259,21904,0.0100,15.6798,17.2896
1204,182,-278,21904,0.0100,15.3785,17.2896
1205,312,1717,21904,0.0100,15.5508,17.2896
1206,189,-252,21904,0.0100,16.5734,17.2896
1207,183,-283,21904,0.0100,15.9320,17.2896
1208,183,-293,21904,0.0100,15.0966,17.2896
1209,490,21898,21904,0.0100,15.5412,17.2896
1210,183,-276,21904,0.0100,15.3668,17.2896
1211,66,-3373,21904,0.0100,15.2274,17.2896
1212,181,-304,21904,0.0100,15.5657,17.2896
1213,183,-284,21904,0.0100,14.7264,17.2896
1214,184,-270,21904,0.0100,15.5153,17.2896
1215,185,-256,21904,0.0100,15.6087,17.2896
1216,183,-281,21904,0.0100,15.1461,17.2896
1217,185,-260,21904,0.0100,15.3474,17.2896
1218,479,21915,21915,0.0100,15.9652,17.2896
1219,186,-262,21915,0.0100,15.3331,17.2896
1220,187,-253,21915,0.0100,16.3311,17.2896
1221,188,-258,21915,0.0100,15.6708,17.2896
1222,184,-280,21915,0.0100,15.5928,17.2896
1223,183,-286,21915,0.0100,15.3355,17.2896
1224,70,-3343,21915,0.0100,15.3904,17.2896
1225,183,-278,21915,0.0100,14.8306,17.2896
1226,184,-275,21915,0.0100,15.8340,17.2896
1227,184,-268,21915,0.0100,15.1821,17.2896
1228,189,-245,21915,0.0100,16.2225,17.2896
1229,186,-266,21915,0.0100,15.9812,17.2896
1230,186,-266,21915,0.0100,15.5245,17.2896
1231,481,21928,21928,0.0100,15.1475,17.2896
1232,184,-278,21928,0.0100,15.3086,17.2896
1233,184,-272,21928,0.0100,15.1382,17.2896
1234,186,-274,21928,0.0100,15.6788,17.2896
1235,184,-274,21928,0.0100,15.0306,17.2896
1236,187,-243,21928,0.0100,16.2109,17.2896
1237,184,-273,21928,0.0100,14.6697,17.2896
1238,184,-281,21928,0.0100,15.0220,17.2896
1239,187,-260,21928,0.0100,15.2312,17.2896
1240,169,-1416,21928,0.0100,15.7544,17.2896
1241,185,-267,21928,0.0100,15.3792,17.2896
1242,184,-272,21928,0.0100,15.4000,17.2896
1243,186,-251,21928,0.0100,15.7910,17.2896
1244,485,21885,21928,0.0100,15.4346,17.2896
1245,182,-287,21928,0.0100,15.5765,17.2896
1246,182,-278,21928,0.0100,15.1209,17.2896
1247,183,-288,21928,0.0100,15.5692,17.2896
1248,187,-252,21928,0.0100,15.4194,17.2896
1249,188,-259,21928,0.0100,15.7396,17.2896
1250,188,-263,21928,0.0100,15.7671,17.2896
1251,185,-261,21928,0.0100,15.1720,17.2896
1252,185,-270,21928,0.0100,15.2818,17.2896
1253,188,-250,21928,0.0100,15.5580,17.2896
1254,187,-252,21928,0.0100,16.1249,17.2896
1255,192,-266,21928,0.0100,15.4835,17.2896
1256,188,-246,21928,0.0100,15.6658,17.2896
1257,183,-275,21928,0.0100,15.2850,17.2896
1258,186,-264,21928,0.0100,15.5518,17.2896
1259,185,-261,21928,0.0100,16.2479,17.2896
1260,187,-274,21928,0.0100,16.0823,17.2896
1261,184,-278,21928,0.0100,14.7932,17.2896
1262,186,-275,21928,0.0100,15.9928,17.2896
1263,187,-255,21928,0.0100,15.9920,17.2896
1264,189,-276,21928,0.0100,15.0427,17.2896
1265,184,-282,21928,0.0100,15.7330,17.2896
1266,188,-254,21928,0.0100,14.6758,17.2896
1267,187,-250,21928,0.0100,15.3834,17.2896
1268,183,-291,21928,0.0100,14.4112,17.2896
1269,224,-10,21928,0.0100,15.1220,17.2896
1270,184,-274,21928,0.0100,15.0141,17.2896
1271,186,-279,21928,0.0100,15.3249,17.2896
1272,185,-270,21928,0.0100,14.8708,17.2896
1273,184,-284,21928,0.0100,15.0442,17.2896
1274,187,-252,21928,0.0100,15.2317,17.2896
1275,186,-273,21928,0.0100,16.2523,17.2896
1276,482,21904,21928,0.0100,15.0135,17.2896
1277,185,-261,21928,0.0100,15.0675,17.2896
1278,185,-273,21928,0.0100,15.0143,17.2896
1279,192,-238,21928,0.0100,15.2722,17.2896
1280,186,-260,21928,0.0100,16.0832,17.2896
1281,185,-275,21928,0.0100,15.6529,17.2896
1282,184,-292,21928,0.0100,15.0532,17.2896
1283,185,-267,21928,0.0100,15.0833,17.2896
1284,189,-253,21928,0.0100,15.3154,17.2896
1285,185,-277,21928,0.0100,15.1760,17.2896
1286,186,-270,21928,0.0100,15.0950,17.2896
1287,190,-255,21928,0.0100,14.6842,17.2896
1288,66,-3370,21928,0.0100,16.2361,17.2896
1289,183,-279,21928,0.0100,15.2363,17.2896
1290,185,-264,21928,0.0100,15.2181,17.2896
1291,184,-275,21928,0.0100,15.0963,17.2896
1292,184,-278,21928,0.0100,15.3996,17.2896
1293,308,1700,21928,0.0100,15.9841,17.2896
1294,187,-261,21928,0.0100,15.4530,17.2896
1295,184,-266,21928,0.0100,15.3559,17.2896
1296,184,-259,21928,0.0100,15.1477,17.2896
1297,186,-259,21928,0.0100,15.7674,17.2896
1298,185,-274,21928,0.0100,14.9128,17.2896
1299,186,-270,21928,0.0100,15.4053,17.2896
1300,183,-295,21928,0.0100,15.3805,17.2896
1301,190,-232,21928,0.0100,15.0801,17.2896
1302,227,19,21928,0.0100,14.8647,17.2896
1303,189,-259,21928,0.0100,15.2664,17.2896
1304,188,-274,21928,0.0100,15.0036,17.2896
1305,189,-252,21928,0.0100,15.0355,17.2896
1306,184,-280,21928,0.0100,15.8716,17.2896
1307,185,-255,21928,0.0100,14.9821,17.2896
1308,184,-290,21928,0.0100,15.4916,17.2896
1309,183,-274,21928,0.0100,15.5767,17.2896
1310,183,-279,21928,0.0100,15.3625,17.2896
1311,182,-277,21928,0.0100,14.6672,17.2896
1312,185,-262,21928,0.0100,15.4632,17.2896
1313,185,-288,21928,0.0100,15.1337,17.2896
1314,186,-278,21928,0.0100,15.1641,17.2896
1315,187,-269,21928,0.0100,15.2171,17.2896
1316,90,-3151,21928,0.0100,15.0591,17.2896
1317,184,-272,21928,0.0100,15.0060,17.2896
1318,185,-259,21928,0.0100,15.1554,17.2896
1319,184,-277,21928,0.0100,15.6326,17.2896
1320,185,-272,21928,0.0100,14.7908,17.2896
1321,184,-269,21928,0.0100,16.1375,17.2896
1322,185,-270,21928,0.0100,15.1764,17.2896
1323,184,-274,21928,0.0100,15.0088,17.2896
1324,186,-265,21928,0.0100,15.1179,17.2896
1325,185,-267,21928,0.0100,14.7776,17.2896
1326,185,-302,21928,0.0100,15.4649,17.2896
1327,187,-251,21928,0.0100,15.3998,17.2896
1328,182,-276,21928,0.0100,15.1181,17.2896
1329,187,-279,21928,0.0100,15.2497,17.2896
1330,187,-254,21928,0.0100,15.4430,17.2896
1331,181,-290,21928,0.0100,15.0529,17.2896
1332,185,-261,21928,0.0100,15.0849,17.2896
1333,189,-253,21928,0.0100,15.4116,17.2896
1334,183,-279,21928,0.0100,15.0433,17.2896
1335,190,-249,21928,0.0100,15.8066,17.2896
1336,185,-277,21928,0.0100,15.2242,17.2896
1337,184,-280,21928,0.0100,14.8105,17.2896
1338,190,-249,21928,0.0100,15.3467,17.2896
1339,182,-275,21928,0.0100,15.5253,17.2896
1340,189,-246,21928,0.0100,15.0744,17.2896
1341,185,-274,21928,0.0100,15.5328,17.2896
1342,184,-269,21928,0.0100,14.5995,17.2896
1343,187,-263,21928,0.0100,14.9539,17.2896
1344,183,-271,21928,0.0100,15.4146,17.2896
1345,182,-274,21928,0.0100,15.2752,17.2896
1346,184,-274,21928,0.0100,15.3134,17.2896
1347,190,-278,21928,0.0100,15.1089,17.2896
1348,184,-286,21928,0.0100,15.5804,17.2896
1349,185,-264,21928,0.0100,14.6476,17.2896
1350,102,-3037,21928,0.0100,15.4512,17.2896
1351,185,-269,21928,0.0100,15.6093,17.2896
1352,184,-261,21928,0.0100,15.3086,17.2896
1353,186,-266,21928,0.0100,15.5475,17.2896
1354,187,-262,21928,0.0100,15.9024,17.2896
1355,186,-265,21928,0.0100,15.2035,17.2896
1356,184,-273,21928,0.0100,15.1779,17.2896
1357,184,-274,21928,0.0100,15.9215,17.2896
1358,186,-271,21928,0.0100,15.8519,17.2896
1359,184,-274,21928,0.0100,15.1874,17.2896
1360,183,-272,21928,0.0100,16.1905,17.2896
1361,188,-274,21928,0.0100,15.5248,17.2896
1362,185,-264,21928,0.0100,15.7219,17.2896
1363,184,-272,21928,0.0100,15.3305,17.2896
1364,185,-264,21928,0.0100,16.4010,17.2896
1365,186,-253,21928,0.0100,15.7353,17.2896
1366,188,-281,21928,0.0100,14.7937,17.2896
1367,183,-275,21928,0.0100,15.2095,17.2896
1368,185,-268,21928,0.0100,15.5423,17.2896
1369,184,-272,21928,0.0100,15.5959,17.2896
1370,183,-272,21928,0.0100,15.2520,17.2896
1371,186,-258,21928,0.0100,15.6253,17.2896
1372,186,-281,21928,0.0100,15.7969,17.2896
1373,183,-259,21928,0.0100,15.1725,17.2896
1374,183,-264,21928,0.0100,15.3666,17.2896
1375,183,-271,21928,0.0100,15.0072,17.2896
1376,184,-282,21928,0.0100,15.3646,17.2896
1377,182,-294,21928,0.0100,15.3185,17.2896
1378,185,-269,21928,0.0100,15.2483,17.2896
1379,183,-282,21928,0.0100,15.4263,17.2896
1380,186,-259,21928,0.0100,15.1575,17.2896
1381,183,-285,21928,0.0100,15.2797,17.2896
1382,183,-260,21928,0.0100,14.8682,17.2896
1383,184,-276,21928,0.0100,14.9701,17.2896
1384,182,-282,21928,0.0100,15.9523,17.2896
1385,186,-265,21928,0.0100,14.7589,17.2896
1386,183,-294,21928,0.0100,15.3356,17.2896
1387,184,-284,21928,0.0100,15.1964,17.2896
1388,185,-273,21928,0.0100,15.9091,17.2896
1389,183,-273,21928,0.0100,16.6149,17.2896
1390,187,-254,21928,0.0100,15.5691,17.2896
1391,187,-260,21928,0.0100,14.8888,17.2896
1392,185,-272,21928,0.0100,15.2642,17.2896
1393,181,-286,21928,0.0100,15.4533,17.2896
1394,182,-292,21928,0.0100,15.5116,17.2896
1395,182,-278,21928,0.0100,15.4818,17.2896
1396,183,-280,21928,0.0100,15.3969,17.2896
1397,185,-257,21928,0.0100,15.5479,17.2896
1398,185,-268,21928,0.0100,15.2337,17.2896
1399,183,-280,21928,0.0100,15.4631,17.2896
1400,186,-271,21928,0.0100,15.3673,17.2896
1401,183,-273,21928,0.0100,15.5082,17.2896
1402,186,-261,21928,0.0100,15.7283,17.2896
1403,184,-263,21928,0.0100,15.7270,17.2896
1404,185,-260,21928,0.0100,15.1612,17.2896
1405,184,-281,21928,0.0100,15.8277,17.2896
1406,184,-293,21928,0.0100,15.4519,17.2896
1407,183,-274,21928,0.0100,15.4339,17.2896
1408,184,-277,21928,0.0100,16.1804,17.2896
1409,184,-274,21928,0.0100,15.6882,17.2896
1410,183,-264,21928,0.0100,15.9763,17.2896
1411,183,-285,21928,0.0100,15.3301,17.2896
1412,184,-265,21928,0.0100,15.0564,17.2896
1413,185,-260,21928,0.0100,15.4308,17.2896
1414,185,-259,21928,0.0100,15.2527,17.2896
1415,184,-268,21928,0.0100,14.9820,17.2896
1416,183,-291,21928,0.0100,15.5421,17.2896
1417,186,-263,21928,0.0100,15.2241,17.2896
1418,184,-288,21928,0.0100,15.4680,17.2896
1419,188,-254,21928,0.0100,16.1900,17.2896
1420,184,-273,21928,0.0100,15.0584,17.2896
1421,186,-260,21928,0.0100,15.7940,17.2896
1422,183,-272,21928,0.0100,15.5219,17.2896
1423,193,-232,21928,0.0100,15.5612,17.2896
1424,183,-280,21928,0.0100,15.9374,17.2896
1425,181,-282,21928,0.0100,16.0619,17.2896
1426,183,-284,21928,0.0100,15.9023,17.2896
1427,185,-260,21928,0.0100,15.4303,17.2896
1428,186,-265,21928,0.0100,16.0422,17.2896
1429,188,-254,21928,0.0100,16.1185,17.2896
1430,184,-260,21928,0.0100,16.1979,17.2896
1431,187,-251,21928,0.0100,15.9552,17.2896
1432,185,-259,21928,0.0100,15.8711,17.2896
1433,184,-282,21928,0.0100,15.6969,17.2896
1434,184,-265,21928,0.0100,16.0656,17.2896
1435,185,-269,21928,0.0100,15.5685,17.2896
1436,183,-267,21928,0.0100,15.8472,17.2896
1437,184,-279,21928,0.0100,16.0885,17.2896
1438,184,-262,21928,0.0100,15.2088,17.2896
1439,187,-264,21928,0.0100,15.6191,17.2896
1440,187,-267,21928,0.0100,15.8587,17.2896
1441,181,-275,21928,0.0100,15.6036,17.2896
1442,185,-270,21928,0.0100,16.1041,17.2896
1443,185,-267,21928,0.0100,15.7650,17.2896
1444,185,-263,21928,0.0100,15.7809,17.2896
1445,182,-271,21928,0.0100,15.8709,17.2896
1446,184,-277,21928,0.0100,15.3095,17.2896
1447,65,-3380,21928,0.0100,14.7422,17.2896
1448,185,-264,21928,0.0100,16.3535,17.2896
1449,186,-268,21928,0.0100,15.4968,17.2896
1450,183,-271,21928,0.0100,15.5785,17.2896
1451,185,-257,21928,0.0100,15.7737,17.2896
1452,189,-264,21928,0.0100,15.9711,17.2896
1453,186,-263,21928,0.0100,15.4145,17.2896
1454,185,-260,21928,0.0100,15.8453,17.2896
1455,183,-271,21928,0.0100,16.0099,17.2896
1456,186,-256,21928,0.0100,16.0332,17.2896
1457,183,-266,21928,0.0100,15.9288,17.2896
1458,184,-274,21928,0.0100,15.5147,17.2896
1459,184,-264,21928,0.0100,15.7180,17.2896
1460,184,-274,21928,0.0100,15.3925,17.2896
1461,187,-277,21928,0.0100,15.7804,17.2896
1462,184,-274,21928,0.0100,15.5837,17.2896
1463,184,-262,21928,0.0100,16.4665,17.2896
1464,184,-260,21928,0.0100,16.0643,17.2896
1465,187,-271,21928,0.0100,16.0928,17.2896
1466,188,-262,21928,0.0100,16.4225,17.2896
1467,183,-273,21928,0.0100,15.2162,17.2896
1468,187,-256,21928,0.0100,16.5136,17.2896
1469,182,-271,21928,0.0100,15.6203,17.2896
1470,187,-259,21928,0.0100,15.6130,17.2896
1471,185,-266,21928,0.0100,16.1528,17.2896
1472,186,-262,21928,0.0100,16.1390,17.2896
1473,185,-269,21928,0.0100,15.1326,17.2896
1474,186,-266,21928,0.0100,16.0547,17.2896
1475,182,-263,21928,0.0100,16.3251,17.2896
1476,184,-262,21928,0.0100,16.2591,17.2896
1477,187,-245,21928,0.0100,16.1006,17.2896
1478,188,-260,21928,0.0100,16.3044,17.2896
1479,185,-269,21928,0.0100,16.0263,17.2896
1480,185,-269,21928,0.0100,15.6209,17.2896
1481,185,-269,21928,0.0100,16.2158,17.2896
1482,182,-267,21928,0.0100,15.4174,17.2896
1483,185,-270,21928,0.0100,16.1157,17.2896
1484,189,-253,21928,0.0100,15.6760,17.2896
1485,187,-273,21928,0.0100,15.8934,17.2896
1486,182,-272,21928,0.0100,15.9856,17.2896
1487,185,-272,21928,0.0100,15.8980,17.2896
1488,170,-1398,21928,0.0100,16.3130,17.2896
1489,186,-263,21928,0.0100,15.6554,17.2896
1490,186,-250,21928,0.0100,16.3353,17.2896
1491,184,-277,21928,0.0100,16.2492,17.2896
1492,185,-270,21928,0.0100,15.9869,17.2896
1493,95,-3113,21928,0.0100,16.0774,17.2896
1494,185,-257,21928,0.0100,16.2903,17.2896
1495,185,-253,21928,0.0100,16.1067,17.2896
1496,183,-282,21928,0.0100,15.7088,17.2896
1497,183,-268,21928,0.0100,15.8787,17.2896
1498,183,-268,21928,0.0100,16.6013,17.2896
1499,188,-259,21928,0.0100,16.1719,17.2896
1500,171,-1392,21928,0.0100,16.2088,17.2896
1501,185,-267,21928,0.0100,16.4363,17.2896
1502,183,-270,21928,0.0100,16.4813,17.2896
1503,185,-272,21928,0.0100,15.9334,17.2896
1504,186,-253,21928,0.0100,16.4536,17.2896
1505,184,-266,21928,0.0100,15.6556,17.2896
1506,184,-266,21928,0.0100,15.7290,17.2896
1507,185,-266,21928,0.0100,15.9587,17.2896
1508,186,-257,21928,0.0100,15.9455,17.2896
1509,185,-267,21928,0.0100,16.7855,17.2896
1510,72,-3327,21928,0.0100,15.0458,17.2896
1511,184,-276,21928,0.0100,15.7197,17.2896
1512,188,-245,21928,0.0100,16.7198,17.2896
1513,184,-264,21928,0.0100,16.3489,17.2896
1514,187,-240,21928,0.0100,16.6627,17.2896
1515,184,-257,21928,0.0100,15.2620,17.2896
1516,185,-261,21928,0.0100,16.3138,17.2896
1517,185,-264,21928,0.0100,16.0368,17.2896
1518,185,-256,21928,0.0100,15.8808,17.2896
1519,185,-247,21928,0.0100,16.0284,17.2896
1520,187,-254,21928,0.0100,16.4799,17.2896
1521,183,-273,21928,0.0100,16.2978,17.2896
1522,184,-271,21928,0.0100,16.4030,17.2896
1523,186,-259,21928,0.0100,15.8400,17.2896
1524,184,-268,21928,0.0100,16.9372,17.2896
1525,186,-267,21928,0.0100,16.4284,17.2896
1526,185,-268,21928,0.0100,16.3515,17.2896
1527,185,-263,21928,0.0100,16.2217,17.2896
1528,182,-283,21928,0.0100,16.7720,17.2896
1529,186,-258,21928,0.0100,16.1073,17.2896
1530,185,-269,21928,0.0100,16.0727,17.2896
1531,184,-278,21928,0.0100,16.1849,17.2896
1532,185,-253,21928,0.0100,16.1891,17.2896
1533,187,-248,21928,0.0100,15.8501,17.2896
1534,188,-247,21928,0.0100,15.7876,17.2896
1535,184,-268,21928,0.0100,15.8119,17.2896
1536,184,-262,21928,0.0100,15.9744,17.2896
1537,185,-267,21928,0.0100,16.2574,17.2896
1538,183,-263,21928,0.0100,16.0813,17.2896
1539,185,-265,21928,0.0100,16.1540,17.2896
1540,185,-249,21928,0.0100,16.8824,17.2896
1541,186,-260,21928,0.0100,16.2322,17.2896
1542,187,-256,21928,0.0100,16.2868,17.2896
1543,184,-255,21928,0.0100,16.4308,17.2896
1544,183,-262,21928,0.0100,16.4794,17.2896
1545,183,-274,21928,0.0100,16.2303,17.2896
1546,187,-239,21928,0.0100,15.9867,17.2896
1547,65,-3379,21928,0.0100,16.9181,17.2896
1548,182,-268,21928,0.0100,16.3174,17.2896
1549,186,-255,21928,0.0100,15.5589,17.2896
1550,185,-269,21928,0.0100,16.2275,17.2896
1551,184,-270,21928,0.0100,16.2478,17.2896
1552,185,-267,21928,0.0100,16.3068,17.2896
1553,187,-238,21928,0.0100,16.4501,17.2896
1554,182,-273,21928,0.0100,16.2480,17.2896
1150,355,-3606,-3606,0.0100,0.0000,0.8323
1151,57,-4943,-3606,0.0100,0.0000,0.8823
1152,87,-4876,-3606,0.0100,0.0000,0.9083
1153,193,-4668,-3606,0.0100,0.0000,0.8708
1154,39,-4898,-3606,0.0100,0.0000,0.8840
1155,68,-4847,-3606,0.0100,0.0000,0.8806
1156,150,-4788,-3606,0.0100,0.0000,0.9036
1000,192,-250,-250,0.0100,0.0000,17.2896
1001,481,21900,21900,0.0100,0.0000,17.2896
1002,182,-299,21900,0.0100,0.0000,17.2896
1003,181,-294,21900,0.0100,0.0000,17.2896
1004,185,-282,21900,0.0100,0.0000,17.2896
1005,478,21901,21901,0.0100,0.0000,17.2896
1006,184,-278,21901,0.0100,0.0000,17.2896
1007,66,-3374,21901,0.0100,0.0000,17.2896
1008,187,-272,21901,0.0100,0.0000,17.2896
1009,185,-279,21901,0.0100,0.0000,17.2896
1010,185,-256,21901,0.0100,0.0000,17.2896
1011,190,-238,21901,0.0100,0.0000,17.2896
1012,186,-266,21901,0.0100,0.0000,17.2896
1013,186,-276,21901,0.0100,0.0000,17.2896
1014,185,-260,21901,0.0100,0.0000,17.2896
1015,187,-266,21901,0.0100,0.0000,17.2896
1016,189,-249,21901,0.0100,0.0000,17.2896
1017,486,21884,21901,0.0100,0.0000,17.2896
1018,190,-234,21901,0.0100,0.0000,17.2896
1019,480,21895,21901,0.0100,0.0000,17.2896
1020,476,21900,21901,0.0100,0.0000,17.2896
1021,478,21895,21901,0.0100,0.0000,17.2896
1022,189,-264,21901,0.0100,0.0000,17.2896
1023,194,-235,21901,0.0100,0.0000,17.2896
1024,189,-256,21901,0.0100,0.0000,17.2896
1025,184,-279,21901,0.0100,0.0000,17.2896
1026,186,-274,21901,0.0100,0.0000,17.2896
1027,187,-257,21901,0.0100,0.0000,17.2896
1028,185,-258,21901,0.0100,0.0000,17.2896
1029,186,-269,21901,0.0100,0.0000,17.2896
1030,187,-256,21901,0.0100,0.0000,17.2896
1031,322,1736,21901,0.0100,0.0000,17.2896
1032,185,-279,21901,0.0100,0.0000,17.2896
1033,185,-283,21901,0.0100,0.0000,17.2896
1034,186,-268,21901,0.0100,0.0000,17.2896
1035,185,-278,21901,0.0100,0.0000,17.2896
1036,186,-285,21901,0.0100,0.0000,17.2896
1037,185,-282,21901,0.0100,0.0000,17.2896
1038,486,21887,21901,0.0100,0.0000,17.2896
1039,486,21881,21901,0.0100,0.0000,17.2896
1040,191,-238,21901,0.0100,0.0000,17.2896
1041,218,6,21901,0.0100,0.0000,17.2896
1042,189,-255,21901,0.0100,0.0000,17.2896
1043,193,-242,21901,0.0100,0.0000,17.2896
1044,187,-263,21901,0.0100,0.0000,17.2896
1045,185,-281,21901,0.0100,0.0000,17.2896
1046,190,-261,21901,0.0100,0.0000,17.2896
1047,217,-54,21901,0.0100,0.0000,17.2896
1048,71,-3338,21901,0.0100,0.0000,17.2896
1049,484,21882,21901,0.0100,0.0000,17.2896
1050,189,-248,21901,0.0100,0.0000,17.2896
1051,475,21922,21922,0.0100,0.0000,17.2896
1052,186,-270,21922,0.0100,0.0000,17.2896
1053,183,-283,21922,0.0100,0.0000,17.2896
1054,185,-277,21922,0.0100,0.0000,17.2896
1055,184,-275,21922,0.0100,0.0000,17.2896
1056,187,-245,21922,0.0100,0.0000,17.2896
1057,191,-274,21922,0.0100,0.0000,17.2896
1058,182,-285,21922,0.0100,0.0000,17.2896
1059,184,-282,21922,0.0100,0.0000,17.2896
1060,183,-263,21922,0.0100,0.0000,17.2896
1061,183,-276,21922,0.0100,0.0000,17.2896
1062,187,-266,21922,0.0100,0.0000,17.2896
1063,219,-6,21922,0.0100,0.0000,17.2896
1064,185,-271,21922,0.0100,0.0000,17.2896
1000,182,-294,-294,0.0100,0.0000,17.2896
1001,185,-278,-278,0.0100,0.0000,17.2896
1002,184,-269,-269,0.0100,0.0000,17.2896
1003,486,21896,21896,0.0100,0.0000,17.2896
1004,187,-277,21896,0.0100,0.0000,17.2896
1005,302,1658,21896,0.0100,0.0000,17.2896
1006,184,-268,21896,0.0100,0.0000,17.2896
1007,182,-285,21896,0.0100,0.0000,17.2896
1008,186,-270,21896,0.0100,0.0000,17.2896
1009,186,-273,21896,0.0100,0.0000,17.2896
1010,187,-262,21896,0.0100,0.0000,17.2896
1011,184,-284,21896,0.0100,0.0000,17.2896
1012,188,-261,21896,0.0100,0.0000,17.2896
1013,191,-249,21896,0.0100,0.0000,17.2896
1014,187,-252,21896,0.0100,0.0000,17.2896
1015,188,-255,21896,0.0100,0.0000,17.2896
1016,188,-261,21896,0.0100,0.0000,17.2896
1017,183,-295,21896,0.0100,0.0000,17.2896
1018,191,-254,21896,0.0100,0.0000,17.2896
1019,484,21867,21896,0.0100,0.0000,17.2896
1020,187,-271,21896,0.0100,0.0000,17.2896
1021,185,-275,21896,0.0100,0.0000,17.2896
1022,190,-235,21896,0.0100,0.0000,17.2896
1023,190,-252,21896,0.0100,0.0000,17.2896
1024,64,-3392,21896,0.0100,0.0000,17.2896
1025,190,-265,21896,0.0100,0.0000,17.2896
1026,187,-271,21896,0.0100,0.0000,17.2896
1027,303,1708,21896,0.0100,0.0000,17.2896
1028,184,-290,21896,0.0100,0.0000,17.2896
1029,189,-258,21896,0.0100,0.0000,17.2896
1030,184,-277,21896,0.0100,0.0000,17.2896
